CHEMBL220_0,36,35,-1,-1,-1,2.1666666666666665,2.8674417556808756,2.854547169626522,6.5334984477720965,0.11162712008593657,0.12376253002867092,1.6298252461087415,2.9494271101283527,0.18458409932029596,0.09398787085850105,-0.1763101537147665,-1.0915971832057694,7.523148148148148,4.000407536680933,-0.08360477449158293,-0.8812191230847377,0.023902894491129787,0.06375501653655766,3.4279039011497248,11.180533870401204,0.8055555555555556,0.39577241246597245,-1.5440972939559132,0.3842364532019702,2.1666666666666665,2.8674417556808756,2.854547169626522,6.5334984477720965,2.0,0.0,0,0,1.9444444444444444,2.4488596489482433,3.3441445517605644,10.174729666837866,0.0,0.0,0,0,0.02619825708061002,0.0595222711253246,1.8892253475978311,1.6717194584717552,0.041666666666666664,0.04950435644472039,2.8391612479833754,6.4576827533753605,0.041666666666666664,0.10701294446440414,-2.28383593388726,4.548937846597715,1.25,0.4330127018922193,1.1547005383792515,-0.6666666666666665,-0.9194229439887172,70.0,282.0,0.0,216.0,2376.0,48.0,0.0,0.0,0.0,894.0,1044.0,19920.0,0.0,0.0,0.0,0.0,228.0,0.0,0.0,0.0,48.0,0.0,0.0,0.0,0.0,0.0,0.0,0.0,0.0,0.0,0.0,1,1,0,1,1,1,0,0,0,1,1,1,0,0,0,0,1,0,0,0,1,0,0,0,0,0,0,0,0,0,0,7.172413793103448,5.272367560294354,5.061315393848699,23.761651270196097,2.206896551724138,0.48275862068965514,0.47448979591836765,0.12973760932944867,0.0,0.0,0,0,3.310344827586207,0.46263475396547377,0.8198915917499231,-1.3277777777777775,0.6206896551724138,0.48521542343000995,-0.4974683381630911,-1.7525252525252522,14.696275862068967,12.345973854121782,5.0725038113386365,23.836477695406117,0.896551724137931,0.7117161186396653,0.1521744408927696,-1.0228459961647827,452.40000000000026,53.080000000000005,4.927700000000003,0,7,0,0,0,0,0,0,0,0,0,0,0,0,0,0,0,0,0,0,0,0,0,0,0,0,0,1,0,0,0,0,0,0,0,0,0,0,0,0,1,0,0,0,0,0,0,0,1,0,0,0,0,0,0,1,0,0,0,0,0,0,0,0,0,0,0,1,0,0,0,0,0,0,0,0,0,1,0,1,0,0,1,0,1,0,0,1,1,1,0,0,1,0,0,0,0,0,0,0,1,0,1,0,0,0,1,0,1,1,0,0,0,1,0,0,0,0,0,0,1,0,1,1,1,0,0,1,0,0,1,1,0,1,0,1,1,1,0,1,1,0,0,0,1,0,0,1,0,1,1,0,0,1,0,1,0,1,1,0,1,0,0,1,1,1,0,1,0,1
CHEMBL220_5,37,34,-1,-1,-1,2.0833333333333335,2.8710721961587025,2.9270175626966006,6.820983286360452,0.11415600477523105,0.11830229752961038,1.6781404893095142,3.564374739977608,0.17365023338099134,0.09279531693837935,-0.2534161152227838,-1.0273449939652795,7.274774774774774,4.077683389640554,-0.14727673058350607,-0.8571738800754574,0.021535821535821537,0.06474555288190875,3.3576869183536413,10.125927861922367,0.8108108108108109,0.3916588309780929,-1.5871507864874157,0.5190476190476199,2.0833333333333335,2.8710721961587025,2.9270175626966006,6.820983286360452,2.0,0.0,0,0,1.837837837837838,2.421899115375119,3.4887313860164415,11.002581322531167,0.0,0.0,0,0,0.037844611528822056,0.1625012029721163,5.602849284616422,30.219965745063625,0.041666666666666664,0.05296780206297792,2.9740374259628313,7.103675610536717,0.04166666666666664,0.49781874023401235,-2.831291471521636,6.481770838567858,1.2916666666666667,0.45452967144315476,0.9166984970282107,-1.1596638655462195,0.45898581197042054,68.0,274.0,0.0,128.0,2370.0,16.0,0.0,0.0,0.0,480.0,580.0,19920.0,0.0,0.0,0.0,0.0,56.0,0.0,0.0,0.0,0.0,0.0,0.0,0.0,0.0,0.0,0.0,0.0,0.0,0.0,0.0,1,1,0,1,1,1,0,0,0,1,1,1,0,0,0,0,1,0,0,0,0,0,0,0,0,0,0,0,0,0,0,6.351351351351352,0.6664231354561057,1.6504962353863415,1.2289646814404396,2.1621621621621623,0.5933648216243284,-0.06407065096704617,-0.33128734009400596,0.0,0.0,0,0,3.108108108108108,0.3105168998128664,2.524126011357621,4.371212121212126,0.6216216216216216,0.48498266067368534,-0.5015503913178174,-1.748447204968943,12.711864864864866,1.3291109436978599,1.649484414862159,1.225025132797387,0.6756756756756757,0.6174951166916681,0.3431072306909227,-0.6643546043070403,495.5390000000002,115.21,3.0783000000000005,1,11,0,0,0,0,0,0,0,0,0,0,0,0,0,0,0,0,0,0,0,0,0,0,0,0,1,0,0,0,0,0,0,0,0,0,1,0,0,0,1,0,0,0,0,0,0,0,0,0,0,0,0,0,1,1,0,0,0,0,0,0,0,0,1,0,0,1,0,0,0,1,0,1,1,0,0,1,0,1,0,1,1,0,0,1,0,0,0,0,0,1,0,1,1,0,1,1,1,1,1,1,0,0,1,0,1,0,0,0,0,1,1,1,0,0,0,0,0,1,0,0,1,1,1,0,1,1,1,0,0,0,1,1,0,1,0,1,1,1,0,0,1,0,1,0,1,1,1,0,1,0,1,1,1,1,1,1,1,1,1,1,0,1,1,1,1,1,0,0
CHEMBL220_37,34,31,-1,-1,-1,2.0,2.4308621740219887,2.6581262115932747,5.4797633136094674,0.1204490695108405,0.12208106470642804,1.5372439887527398,3.1497671727917513,0.17454848679881138,0.08379503555638705,-0.280143672996649,-1.009911074424678,6.711764705882353,3.44177652441048,-0.10059807374331019,-0.825512153632614,0.024008467023172907,0.06449170874902523,2.91464257683081,7.1435963635564494,0.7941176470588235,0.40434491426080943,-1.454785934906616,0.11640211640211628,2.0,2.4308621740219887,2.6581262115932747,5.4797633136094674,2.0,0.0,0,0,1.8235294117647058,2.0788937702437993,3.0640116000175386,8.396266412649728,0.0,0.0,0,0,0.0,0.0,0,0,0.04545454545454545,0.05078382745170256,2.6863566053183647,5.588285127910417,0.04545454545454544,0.053973102548354586,-1.66192003483661,2.2183094225164366,1.2727272727272727,0.44536177141512334,1.0206207261596572,-0.9583333333333344,-0.6737606211933971,62.0,198.0,0.0,90.0,1290.0,0.0,0.0,0.0,0.0,188.0,330.0,8184.0,0.0,0.0,0.0,0.0,0.0,0.0,0.0,0.0,0.0,0.0,0.0,0.0,0.0,0.0,0.0,0.0,0.0,0.0,12.0,1,1,0,1,1,0,0,0,0,1,1,1,0,0,0,0,0,0,0,0,0,0,0,0,0,0,0,0,0,0,1,6.866666666666666,1.2036980056845192,0.9452805483310448,-0.8130339869773024,2.0,0.9660917830792959,0.44361357386294203,-1.0102040816326532,0.0,0.0,0,0,3.533333333333333,0.498887651569859,-0.1336306209562115,-1.982142857142858,0.3333333333333333,0.47140452079103173,0.7071067811865478,-1.4999999999999996,13.940399999999999,2.762702995256639,1.05026039339923,-0.5904041626302985,0.7333333333333333,1.0624918300339485,1.2134105963931632,0.033387066774131835,220.19399999999996,34.89,2.2841000000000005,0,3,0,0,0,0,0,0,0,0,0,0,0,0,0,0,0,0,0,0,0,0,0,0,0,0,0,0,0,0,0,0,0,0,0,0,0,0,0,0,0,0,0,0,1,0,0,0,0,0,0,0,0,0,1,0,0,0,0,0,0,0,0,0,0,0,0,1,0,0,0,0,0,0,0,0,1,1,0,0,0,0,1,0,0,1,0,0,0,0,0,0,0,0,0,0,1,0,1,1,0,0,1,0,0,0,0,0,1,1,0,0,0,1,1,0,0,1,0,0,0,0,1,1,1,0,1,0,0,0,0,0,0,0,0,0,1,0,0,1,0,0,0,0,1,0,0,0,0,0,1,1,0,0,1,1,1,1,1,0,1,0,1,1,1,0,1,1,0,1
CHEMBL220_47,37,35,-1,-1,-1,2.1739130434782608,2.9288990944520505,2.78764622785817,6.111329120083077,0.10819758908814392,0.12377523477069301,1.6339299923838637,2.8997356955715903,0.17208163617414737,0.09621507428069727,-0.12930714086304604,-1.230379656644987,7.063063063063064,4.1152870634551935,-0.014446768696564295,-1.0158452163571783,0.018146718146718147,0.05139013311160929,3.384376648707122,10.39236482515316,0.8108108108108109,0.3916588309780929,-1.5871507864874157,0.5190476190476199,2.1739130434782608,2.9288990944520505,2.78764622785817,6.111329120083077,2.0,0.0,0,0,1.8918918918918919,2.4249133033684274,3.4129434570371973,10.626835353574323,0.0,0.0,0,0,0.022486036423318652,0.05290687263846795,2.0522309371454055,2.4466062537045428,0.04347826086956521,0.053163142794207745,2.803740161143432,6.180668637936503,0.04347826086956521,0.019933109244062816,0.551847237641825,0.46454761026870806,1.2608695652173914,0.43910891036356847,1.0891622972743424,-0.8137254901960773,0.44157518673361823,70.0,280.0,0.0,214.0,2376.0,48.0,0.0,0.0,0.0,910.0,1044.0,19920.0,0.0,0.0,0.0,0.0,234.0,0.0,0.0,0.0,48.0,0.0,0.0,0.0,0.0,0.0,0.0,0.0,0.0,0.0,0.0,1,1,0,1,1,1,0,0,0,1,1,1,0,0,0,0,1,0,0,0,1,0,0,0,0,0,0,0,0,0,0,6.264705882352941,0.609185740506117,2.1270410226483816,3.026097445677867,2.2941176470588234,0.708329092870135,0.5034274261478452,0.24047562425683822,0.0,0.0,0,0,3.6176470588235294,0.4859621071134796,-0.4841820261350421,-1.7655677655677657,0.17647058823529413,0.3812200410828153,1.6973368495830106,0.8809523809523809,12.539000000000001,1.2149294823399523,2.1261216096092586,3.0216581250620225,1.1470588235294117,0.8789148704402315,-0.03012859367602697,-1.226393161192754,465.63800000000043,70.67,4.307000000000003,2,3,0,0,0,0,0,0,0,0,0,0,0,0,0,0,0,0,0,0,0,1,0,0,0,0,0,0,0,0,0,0,0,0,0,0,0,0,0,1,0,0,0,0,0,1,0,0,0,0,0,0,0,0,0,0,0,0,0,1,0,0,0,0,0,0,0,0,1,0,0,0,0,0,0,0,0,1,0,1,0,0,1,0,0,0,0,1,1,0,0,0,1,1,1,0,0,0,0,0,1,0,1,1,0,0,1,1,1,0,1,1,1,1,1,0,0,1,0,1,1,0,1,1,1,0,0,0,0,0,1,1,0,1,1,1,0,0,1,1,1,0,0,0,1,0,1,1,1,1,1,0,0,1,0,1,1,0,1,1,1,1,1,1,1,1,1,1,0,0
CHEMBL220_53,40,38,-1,-1,-1,2.0714285714285716,3.0813792300175704,3.236082516007007,8.881546353918672,0.10837780462795302,0.11512711003071886,1.9400498676078355,4.988042615337039,0.1959543510330726,0.09803748592292438,-0.3527567742617933,-0.9069265543349712,8.7625,4.560791156391863,-0.22437451478329343,-0.7082802459034125,0.023414304993252363,0.06889013788536597,3.5528550562528367,11.880704464017239,0.825,0.3799671038392666,-1.7106744068953987,0.9264069264069255,2.0714285714285716,3.0813792300175704,3.236082516007007,8.881546353918672,2.0,0.0,0,0,1.9,2.662705391138869,3.722631439789001,12.892498423453448,0.0,0.0,0,0,0.008626066924158977,0.023970785667434012,2.649188549092677,5.550295689289836,0.03571428571428571,0.04815593703433144,3.244855064094084,8.925186379729881,0.03571428571428571,0.1487814117189315,3.3944879988518695,10.088065144600176,1.1785714285714286,0.3829930462415574,1.6785086548325643,0.8173913043478271,-0.16912891164124827,76.0,352.0,0.0,222.0,3570.0,24.0,0.0,0.0,0.0,910.0,1270.0,36024.0,0.0,0.0,0.0,0.0,136.0,0.0,0.0,0.0,12.0,0.0,0.0,0.0,0.0,0.0,0.0,0.0,0.0,0.0,0.0,1,1,0,1,1,1,0,0,0,1,1,1,0,0,0,0,1,0,0,0,1,0,0,0,0,0,0,0,0,0,0,6.28,0.6013318551349164,1.9973363071430514,2.639086850967182,2.24,0.7088018058667741,-0.380654951728729,-0.9668343543348623,0.0,0.0,0,0,3.48,0.4995998398718719,0.08006407690254361,-1.993589743589744,0.36,0.48,0.5833333333333335,-1.659722222222222,12.56956,1.1993432229349532,1.9961613666687112,2.6334594661775323,1.08,1.0166612021711068,0.524755396264836,-0.8809774846878624,341.45500000000004,46.5,3.024800000000001,1,3,0,0,0,0,0,0,0,0,0,0,0,0,0,0,0,0,0,0,0,0,0,0,0,0,0,0,0,0,0,0,0,0,0,0,0,0,0,0,0,0,0,0,0,0,0,0,0,0,0,0,0,0,0,0,0,0,0,0,0,0,0,0,0,0,0,1,0,0,0,0,0,0,0,0,1,1,0,0,0,1,0,0,0,1,0,1,1,0,0,0,0,1,1,0,0,1,1,1,1,0,1,1,0,0,1,1,0,0,1,0,1,1,0,1,0,1,1,1,1,0,1,1,1,0,0,1,1,1,1,1,0,0,1,0,0,0,0,1,1,0,0,1,1,1,1,1,0,1,1,1,0,1,1,1,1,0,1,1,1,1,1,1,1,1,1,1,0,0
CHEMBL220_57,37,36,-1,-1,-1,2.16,3.0552250326285293,3.38288271277628,10.496241459960286,0.11048610195716636,0.1217367992898518,2.2300785481227083,7.5790924670408355,0.19799185331275385,0.10153305650535548,-0.2661502853447235,-0.9829269742488349,8.105405405405405,4.29612237701501,-0.15374186842064758,-0.712366591396175,0.02145002145002145,0.06386679860540295,4.117273598931099,16.940428190109426,0.8108108108108109,0.3916588309780929,-1.5871507864874157,0.5190476190476199,2.16,3.0552250326285293,3.38288271277628,10.496241459960286,2.0,0.0,0,0,1.945945945945946,2.6091931645723614,3.9298800877761444,15.4400973954208,0.0,0.0,0,0,0.01211417284500146,0.03174074832222895,2.3464813095405623,3.6672904618400137,0.04000000000000001,0.05174618989153279,3.431785597276615,10.841577413882058,0.04,0.07744714907404641,-2.597008472177288,6.998118067553618,1.32,0.46647615158762407,0.7717436331412894,-1.4044117647058831,-0.12546291525324013,72.0,320.0,0.0,208.0,3294.0,24.0,0.0,0.0,0.0,726.0,1134.0,35904.0,0.0,0.0,0.0,0.0,120.0,0.0,0.0,0.0,12.0,0.0,0.0,0.0,0.0,0.0,0.0,0.0,0.0,0.0,36.0,1,1,0,1,1,1,0,0,0,1,1,1,0,0,0,0,1,0,0,0,1,0,0,0,0,0,0,0,0,0,1,6.324324324324325,0.6995772489483668,1.8249942913365653,1.5327021608375997,2.27027027027027,0.9197134879553273,0.06577671164093012,-0.9587595192712097,0.0,0.0,0,0,3.5675675675675675,0.49541358864387464,-0.2727723627949902,-1.9255952380952386,0.16216216216216217,0.36859950532394203,1.8330889377669164,1.360215053763441,12.657810810810812,1.395061518314919,1.8245689453513847,1.531058626866236,1.027027027027027,1.026315543029596,0.696007387407845,-0.6658507120446453,506.64300000000026,111.65,3.3759000000000015,7,2,0,0,0,0,0,0,0,0,0,0,0,0,0,0,0,0,0,0,0,1,0,0,0,0,0,0,1,0,0,0,0,0,0,0,0,0,0,0,0,0,0,0,0,0,0,0,0,0,0,0,1,0,0,1,1,0,0,1,0,0,0,0,0,0,0,1,1,0,0,0,0,0,1,0,1,0,1,0,0,0,1,0,0,1,0,0,0,0,0,1,1,1,1,0,0,1,1,1,1,1,0,1,0,0,1,1,0,0,1,0,1,1,1,1,0,1,1,1,0,0,1,1,0,1,0,0,0,1,1,1,0,1,1,1,0,0,1,1,0,1,1,1,1,1,1,1,1,0,0,1,1,1,1,0,1,0,1,1,1,1,1,1,1,1,1,1,0,1
CHEMBL220_59,35,31,-1,-1,-1,1.9130434782608696,2.412162001161773,2.982948713701427,7.534440479945097,0.10765298287477612,0.13031601532272133,2.1683156851443175,6.714162590784898,0.16614528451902108,0.07912117379416653,-0.21592690356539504,-0.9507395282793203,6.713877551020407,3.4457237473553404,-0.028949891762451954,-0.6919171848394661,0.02745098039215686,0.07490776981452,2.9115845271226704,7.065787085727571,0.8,0.4,-1.5,0.24999999999999956,1.9130434782608696,2.412162001161773,2.982948713701427,7.534440479945097,2.0,0.0,0,0,1.7714285714285714,2.0713793097590694,3.373580464972335,10.77603287045724,0.0,0.0,0,0,0.0,0.0,0,0,0.04347826086956521,0.0495622354877667,2.978377207330999,7.535399427421709,0.04347826086956518,0.31112864616851205,-3.1996221256290065,10.40259032633292,1.0,0.0,0,0,2.4402544577696013,62.0,198.0,0.0,70.0,1386.0,0.0,0.0,0.0,0.0,158.0,264.0,9720.0,0.0,0.0,0.0,0.0,0.0,0.0,0.0,0.0,0.0,0.0,0.0,0.0,0.0,0.0,0.0,0.0,0.0,0.0,0.0,1,1,0,1,1,0,0,0,0,1,1,1,0,0,0,0,0,0,0,0,0,0,0,0,0,0,0,0,0,0,0,6.1,0.3958114029012639,4.063830972295459,15.593481213218666,2.1333333333333333,0.561743318211757,0.02674437539591816,-0.019043840507832588,0.0,0.0,0,0,3.3,0.45825756949558405,0.8728715609439702,-1.238095238095238,0.6,0.48989794855663565,-0.40824829046386274,-1.8333333333333335,12.21046666666667,0.7893995918136494,4.062546779771549,15.581800342753738,1.1,0.9073771725877469,0.6050271825610892,-0.34017931780557076,399.57800000000015,12.47,6.776300000000007,0,10,0,0,0,0,0,0,0,0,0,0,0,0,0,0,0,0,0,0,0,0,0,0,0,0,0,0,0,0,0,0,0,0,0,0,0,0,0,0,0,0,0,0,0,0,0,0,0,0,0,0,1,0,0,0,0,0,0,0,0,0,0,0,0,0,0,0,0,0,0,0,0,0,0,0,0,0,1,0,0,0,0,0,0,0,0,1,1,0,0,0,0,0,0,0,0,1,0,0,0,1,1,0,0,0,0,0,0,0,1,1,0,1,0,1,1,0,1,0,1,0,0,0,1,0,0,1,1,1,0,1,0,0,1,0,0,0,0,0,1,0,0,1,0,1,0,1,0,1,1,1,0,0,1,1,0,1,0,1,1,0,1,1,1,1,1,1,0,0
CHEMBL220_66,38,35,-1,-1,-1,2.0,2.8010986855435576,3.1920247996736277,8.717993079584776,0.10858940948299435,0.12051609694069416,2.0429696942764815,6.0836619213870105,0.17940229662313584,0.08821699901121745,-0.27722668544044454,-0.9537880195690263,7.81892230576441,4.064799596468287,-0.131844835833064,-0.7158676408496167,0.026197249881460407,0.07231589841396643,3.3076905023576617,10.171957870345684,0.8157894736842105,0.3876557858593746,-1.6292261599251139,0.6543778801843323,2.0,2.8010986855435576,3.1920247996736277,8.717993079584776,2.0,0.0,0,0,1.8421052631578947,2.4118819447135995,3.6515958272404614,12.586342857142869,0.0,0.0,0,0,0.0043956043956043965,0.01314034128706398,2.789034281354573,6.137080010770278,0.03846153846153847,0.048669939776180386,3.196184696782881,8.780510135052065,0.038461538461538464,0.03351327281850732,-0.9484576971636796,0.7261268357127824,1.1538461538461537,0.36080121229411,1.9188064472004944,1.6818181818181834,-1.336587159589383,70.0,280.0,0.0,128.0,2496.0,8.0,0.0,0.0,0.0,454.0,612.0,22320.0,0.0,0.0,0.0,0.0,38.0,0.0,0.0,0.0,0.0,0.0,0.0,0.0,0.0,0.0,0.0,0.0,0.0,0.0,0.0,1,1,0,1,1,1,0,0,0,1,1,1,0,0,0,0,1,0,0,0,0,0,0,0,0,0,0,0,0,0,0,6.384615384615385,0.7378202343558031,1.550259339293902,0.6290170132325099,2.076923076923077,0.7297563831157798,-0.1194638227174729,-1.1177777777777778,0.038461538461538464,0.1923076923076923,4.8000000000000025,21.040000000000006,3.6153846153846154,0.4865042554105199,-0.47434164902525705,-1.775,0.23076923076923078,0.42132504423474315,1.278019300845387,-0.3666666666666676,12.778076923076926,1.4713419547912698,1.5497583385859397,0.6273452830213748,1.2692307692307692,1.1947865051545437,0.14691168513110797,-1.571128352438992,365.49400000000014,51.879999999999995,3.6133200000000025,1,7,0,0,0,0,0,0,0,0,0,0,0,0,0,0,0,0,0,0,0,1,0,0,0,1,0,0,0,0,0,0,0,0,0,0,0,0,0,0,0,0,0,0,0,0,0,0,0,0,0,1,0,0,0,0,0,0,0,1,0,0,0,0,0,0,0,1,0,0,0,0,0,0,0,0,1,1,0,0,0,0,0,0,0,0,0,1,1,0,0,1,0,0,0,1,0,1,0,1,1,0,0,1,0,0,0,1,1,0,1,1,1,0,0,1,1,1,1,1,1,0,1,1,1,1,0,0,1,1,1,1,0,0,1,0,0,0,0,1,1,0,1,1,1,1,1,0,1,1,1,1,1,0,1,1,1,1,1,1,1,1,1,1,1,1,1,1,0,1
CHEMBL220_78,37,33,-1,-1,-1,2.0,2.6865202966565924,2.9733450430916224,7.3648570184351865,0.10656725195421282,0.12518165935133765,1.9316366851315792,5.25407810300208,0.15716509184725203,0.08455143586969814,-0.11805492746490653,-1.1350113802038877,6.663963963963963,3.8035140885929195,0.012038299269791714,-0.9034156451746989,0.02140712140712141,0.05922130669031057,3.213191139085568,9.467232655064574,0.8108108108108109,0.3916588309780929,-1.5871507864874157,0.5190476190476199,2.0,2.6865202966565924,2.9733450430916224,7.3648570184351865,2.0,0.0,0,0,1.7837837837837838,2.2316535517127583,3.554968969259947,11.952950668691352,0.0,0.0,0,0,0.005465092421614161,0.01579059305068694,2.579696520003229,4.766506098125949,0.04347826086956519,0.05304718579754025,2.9906769719639543,7.507529902059527,0.04347826086956524,0.6460043307281034,-3.1455524055721615,9.084754235180679,1.173913043478261,0.3790346907426672,1.7206180040292134,0.9605263157894743,0.09359559955446659,66.0,236.0,0.0,94.0,1884.0,8.0,0.0,0.0,0.0,368.0,388.0,15024.0,0.0,0.0,0.0,0.0,34.0,0.0,0.0,0.0,0.0,0.0,0.0,0.0,0.0,0.0,0.0,0.0,0.0,0.0,0.0,1,1,0,1,1,1,0,0,0,1,1,1,0,0,0,0,1,0,0,0,0,0,0,0,0,0,0,0,0,0,0,6.541666666666667,0.8154327412825386,1.0184834931509616,-0.7264757411939562,2.0833333333333335,0.7592027982620249,-0.1401808621555087,-1.2550442734794596,0.0,0.0,0,0,3.2083333333333335,0.40611643103370676,1.4363696929192151,0.06315789473684186,0.25,0.4330127018922193,1.1547005383792515,-0.6666666666666665,13.091333333333333,1.6261135330050678,1.0179040259611567,-0.7277787949880077,0.7083333333333334,0.8887803753208975,0.9604881333645392,-0.1933969327375924,331.3280000000001,121.44,0.38419999999999976,0,6,0,0,0,0,0,0,0,0,0,0,0,0,0,0,0,0,0,0,0,0,0,0,0,0,0,0,0,0,0,0,0,0,0,0,0,0,0,0,0,0,0,0,0,0,0,0,0,0,0,0,0,0,0,0,0,0,0,0,0,0,0,0,0,0,0,0,0,0,0,0,0,0,1,0,0,0,0,0,0,0,0,0,1,0,0,0,0,0,0,1,1,0,1,0,0,1,0,0,1,0,1,1,0,0,1,1,0,0,0,0,1,1,0,0,1,1,0,1,1,0,0,1,0,0,0,0,0,1,1,1,0,1,1,1,0,1,1,1,0,0,1,0,1,1,1,1,1,1,0,0,1,1,1,1,1,1,1,0,1,1,1,1,1,1,1,1,0,0
CHEMBL220_80,36,34,-1,-1,-1,2.0833333333333335,2.752524094152291,2.8981537436461835,6.888586812693806,0.11225149746025494,0.12319650602069915,1.6992747873899252,3.4950516329048904,0.18157800572185545,0.09104469642774335,-0.20683881784023375,-1.0554157770101165,7.40925925925926,3.909407071262089,-0.07857193832440287,-0.8350381383732541,0.024463118580765643,0.06457745442292585,3.2127525810484676,9.445322257119706,0.8055555555555556,0.39577241246597245,-1.5440972939559128,0.38423645320197064,2.0833333333333335,2.752524094152291,2.8981537436461835,6.888586812693806,2.0,0.0,0,0,1.8888888888888888,2.354402233379677,3.364098272052219,10.462284413271755,0.0,0.0,0,0,0.011651475119596641,0.030290349817063248,2.4327607547710657,4.463871806512656,0.041666666666666664,0.04973767302614973,2.9131843013157024,7.004522985590327,0.04166666666666668,0.12688923385728973,3.078991744738766,7.916543450178066,1.2083333333333333,0.40611643103370687,1.4363696929192162,0.06315789473684275,-1.8563799601859081,68.0,260.0,0.0,180.0,2106.0,24.0,0.0,0.0,0.0,616.0,840.0,17040.0,0.0,0.0,0.0,0.0,112.0,0.0,0.0,0.0,12.0,0.0,0.0,0.0,0.0,0.0,0.0,0.0,0.0,0.0,0.0,1,1,0,1,1,1,0,0,0,1,1,1,0,0,0,0,1,0,0,0,1,0,0,0,0,0,0,0,0,0,0,6.2,0.5099019513592784,2.534423900247301,5.390532544378695,2.2,0.6,-0.11111111111111194,-0.4444444444444442,0.0,0.0,0,0,3.4,0.48989794855663565,0.4082482904638634,-1.8333333333333333,0.5,0.5,0.0,-2.0,12.41,1.017058405402561,2.5329410188724766,5.3812264766777975,1.1,1.0440306508910548,0.3268911725708882,-1.2445080380439348,270.37600000000003,34.150000000000006,3.9441000000000033,0,4,0,0,0,0,0,0,0,0,0,0,0,0,0,0,0,0,0,0,0,0,0,0,0,0,0,0,0,0,0,0,0,0,0,0,0,0,0,0,0,0,0,0,0,0,0,0,0,0,0,0,0,0,0,0,0,0,0,0,0,0,0,0,0,0,0,1,0,0,0,0,0,0,0,0,0,0,0,0,0,0,1,0,1,0,0,0,0,0,0,0,1,1,0,1,0,0,0,0,1,0,1,1,0,0,1,1,0,0,0,0,0,1,0,1,1,1,0,0,1,0,0,1,0,0,0,1,1,1,1,1,0,0,0,1,0,1,0,1,0,0,0,0,1,1,1,1,0,1,0,1,0,1,1,1,0,1,1,1,1,0,1,1,1,1,1,1,0,1
CHEMBL220_81,34,33,-1,-1,-1,2.1818181818181817,2.724240738867581,2.789626921848794,6.475062127668027,0.11682749761087151,0.12555118680388558,1.7265677144271572,4.073225540636053,0.18609361214641965,0.09482632986499133,-0.1461383133498085,-1.0435855132136942,7.041176470588235,3.738381205917016,-0.04680565890526951,-0.8416610458730478,0.021780303030303032,0.06056644552541802,3.4594387734914447,11.366762547902889,0.7941176470588235,0.40434491426080943,-1.4547859349066157,0.11640211640211495,2.1818181818181817,2.724240738867581,2.789626921848794,6.475062127668027,2.0,0.0,0,0,1.9411764705882353,2.312894500157353,3.280691295650906,10.183214538541222,0.0,0.0,0,0,0.04825388999750362,0.17003407914128282,5.146425982069441,25.878140796302738,0.045454545454545435,0.05178416258899511,2.7869634113648614,6.359271772711875,0.04545454545454546,0.033707779770238464,-0.5075221684788902,-0.27124117054912755,1.3636363636363635,0.48104569292083466,0.5669467095138415,-1.6785714285714282,-0.6857883103336391,66.0,244.0,0.0,200.0,1890.0,32.0,0.0,0.0,0.0,580.0,922.0,15024.0,0.0,0.0,0.0,0.0,126.0,0.0,0.0,0.0,12.0,0.0,0.0,0.0,0.0,0.0,0.0,0.0,0.0,0.0,0.0,1,1,0,1,1,1,0,0,0,1,1,1,0,0,0,0,1,0,0,0,1,0,0,0,0,0,0,0,0,0,0,6.296296296296297,0.5972042776517444,1.867199812239082,2.2389940828402306,2.1481481481481484,0.5902732389077491,-0.048417849530347015,-0.2824415648831291,0.0,0.0,0,0,3.259259259259259,0.43822813208145306,1.0987005311470726,-0.7928571428571418,0.5925925925925926,0.4913518207933925,-0.3768891807222045,-1.8579545454545452,12.602111111111112,1.1911746251722801,1.8658484523298047,2.23262478462635,0.9629629629629629,0.9993138935727439,0.7421656963108197,-0.5584696896510084,366.4650000000001,68.30000000000001,4.1235000000000035,0,9,0,0,0,0,0,0,0,0,0,0,0,0,0,0,0,0,0,0,0,0,0,0,0,0,0,1,0,0,0,0,0,0,0,0,0,0,0,0,1,0,0,0,0,0,0,0,0,0,0,0,0,0,0,1,0,0,0,0,0,0,0,0,0,0,0,1,0,0,0,0,0,0,1,0,0,0,0,1,0,0,1,0,1,0,0,0,0,0,0,0,0,0,0,1,0,0,0,0,1,0,1,1,0,0,1,1,1,0,0,0,0,1,0,1,1,1,0,0,1,0,1,1,0,0,0,1,1,1,0,0,0,1,0,1,0,1,0,1,1,0,0,1,1,1,1,1,0,1,0,1,1,1,1,1,0,1,1,1,1,1,1,1,1,1,1,1,0,1
CHEMBL220_85,35,32,-1,-1,-1,2.0,2.502172968684897,2.7975683885990863,6.104166666666666,0.11516286649047687,0.12372931242484608,1.5707203384021604,2.698011822123937,0.17050369843899418,0.08327203639408673,-0.1603059988193373,-0.9926082881581229,6.854829931972789,3.5633780687261374,-0.035430457983435845,-0.8097028664223296,0.02643239113827349,0.06777669665525682,3.060731168622183,8.505321070378733,0.8,0.4,-1.5,0.24999999999999956,2.0,2.502172968684897,2.7975683885990863,6.104166666666666,2.0,0.0,0,0,1.8285714285714285,2.1445707434051657,3.2123831972605843,9.197168378659464,0.0,0.0,0,0,0.005559146735617325,0.01585411273508363,2.6395166576647564,5.353559170975306,0.043478260869565216,0.048936538297658136,2.7890537893530296,6.07151816285006,0.043478260869565216,0.05137459081272994,-1.4831872557931085,2.0053864566671216,1.173913043478261,0.3790346907426672,1.720618004029213,0.9605263157894743,1.0364680366122079,64.0,214.0,0.0,110.0,1500.0,8.0,0.0,0.0,0.0,346.0,432.0,10200.0,0.0,0.0,0.0,0.0,32.0,0.0,0.0,0.0,0.0,0.0,0.0,0.0,0.0,0.0,0.0,0.0,0.0,0.0,0.0,1,1,0,1,1,1,0,0,0,1,1,1,0,0,0,0,1,0,0,0,0,0,0,0,0,0,0,0,0,0,0,6.269230769230769,0.6538461538461539,2.1347445552615514,2.749368422312954,2.1538461538461537,0.7174906963914472,-0.23660414561937507,-1.0432025366627027,0.0,0.0,0,0,3.3076923076923075,0.46153846153846156,0.8333333333333348,-1.3055555555555542,0.46153846153846156,0.4985185152621431,0.1543033499620917,-1.9761904761904758,12.54792307692308,1.303855257513034,2.134366408535246,2.7476775976975363,0.9615384615384616,1.0912508430085468,0.786519013524083,-0.7538999267003597,351.4460000000001,38.77,3.9779000000000035,0,6,0,0,0,0,0,0,0,0,0,0,0,0,0,0,0,0,0,0,0,0,0,0,0,0,0,0,0,0,0,0,0,0,0,0,0,0,0,0,0,0,0,0,0,0,0,0,0,0,0,0,1,0,0,0,0,0,0,0,0,0,0,0,0,0,0,0,0,0,0,0,0,0,1,0,0,0,1,0,0,0,0,0,0,0,0,1,1,0,0,0,0,0,0,1,0,0,1,0,0,1,1,1,0,0,0,1,0,0,0,0,0,0,0,1,1,1,1,0,0,0,0,0,1,0,0,1,1,1,0,0,0,0,0,0,0,0,0,0,1,0,0,1,0,1,1,1,1,0,1,1,1,0,1,1,1,1,0,1,1,1,1,1,1,1,1,1,0,1
CHEMBL220_86,36,33,-1,-1,-1,2.0,2.614064523559687,2.8550996224007053,6.526472337894111,0.11399937758938054,0.12158091826849977,1.6779476361604595,3.383287198770269,0.1778525401033558,0.08787444742120373,-0.20928292418243183,-0.9637433465546046,7.25925925925926,3.784084695427331,-0.0785587149853943,-0.7773827500850472,0.025210084033613446,0.06825083879549547,3.1227854914967956,9.00931776714456,0.8055555555555556,0.3957724124659724,-1.544097293955913,0.3842364532019724,2.0,2.614064523559687,2.8550996224007053,6.526472337894111,2.0,0.0,0,0,1.8333333333333333,2.242270674512285,3.28363535546538,9.773511187082194,0.0,0.0,0,0,0.004074587407920741,0.012197393423899474,3.016418835522425,8.200425911328464,0.041666666666666664,0.049284424711593805,2.8529703205041366,6.504585206602622,0.041666666666666664,0.046808841156994255,2.8993399997162674,7.2014830215403975,1.1666666666666667,0.37267799624996495,1.788854381999831,1.1999999999999984,0.364007880087416,66.0,236.0,0.0,136.0,1776.0,8.0,0.0,0.0,0.0,386.0,614.0,13080.0,0.0,0.0,0.0,0.0,36.0,0.0,0.0,0.0,0.0,0.0,0.0,0.0,0.0,0.0,0.0,0.0,0.0,0.0,0.0,1,1,0,1,1,1,0,0,0,1,1,1,0,0,0,0,1,0,0,0,0,0,0,0,0,0,0,0,0,0,0,6.269230769230769,0.6538461538461539,2.1347445552615514,2.749368422312954,2.1538461538461537,0.7174906963914472,-0.23660414561937507,-1.0432025366627027,0.0,0.0,0,0,3.3846153846153846,0.4865042554105199,0.4743416490252571,-1.7749999999999995,0.46153846153846156,0.4985185152621431,0.1543033499620917,-1.9761904761904758,12.54792307692308,1.303855257513034,2.134366408535246,2.7476775976975363,1.0384615384615385,1.0912508430085468,0.6341539407639062,-0.954188495814206,353.46200000000005,38.77,3.753200000000003,1,7,0,0,0,0,0,0,0,0,0,0,0,0,0,0,0,0,0,0,0,0,0,0,0,0,0,0,0,0,0,0,0,0,0,0,0,0,0,0,0,0,0,0,0,0,0,0,0,0,0,0,0,0,0,0,0,0,0,0,0,0,0,0,0,0,0,0,0,0,0,0,0,0,1,0,0,0,0,0,0,0,0,0,0,0,0,1,1,0,0,0,0,0,0,1,0,0,1,0,0,0,1,1,0,0,0,1,0,0,0,0,0,0,0,1,1,1,1,0,0,0,0,0,1,0,0,1,1,1,0,0,0,0,0,0,0,0,0,0,1,0,0,1,0,1,1,1,1,0,1,1,1,0,1,1,1,1,0,1,1,1,1,1,1,1,1,1,0,1
CHEMBL220_100,34,31,-1,-1,-1,2.0,2.412090756622109,2.7206687733384136,5.744140625,0.1160470237597699,0.12627293052108104,1.600001940170735,2.960418298443246,0.1691269864902638,0.08288086631236846,-0.09671504523847281,-0.9636181628868714,6.570588235294117,3.4172454287987435,0.005910043457764603,-0.8070879606571042,0.026013814616755795,0.06569003839677152,3.128523179386774,9.313396851213417,0.7941176470588235,0.40434491426080943,-1.4547859349066157,0.11640211640211628,2.0,2.412090756622109,2.7206687733384136,5.744140625,2.0,0.0,0,0,1.8235294117647058,2.0646975029157932,3.124110803042056,8.709101977567885,0.0,0.0,0,0,0.006477591036414565,0.018508073487523497,2.655133935399591,5.300619082372734,0.04545454545454544,0.04924748407897571,2.7061811820884003,5.65984064567353,0.04545454545454545,0.03184347029880788,-0.27592812550017376,-0.22808890738625776,1.1818181818181819,0.38569460791993493,1.6499158227686117,0.7222222222222232,-2.2991411691081276,62.0,196.0,0.0,106.0,1284.0,8.0,0.0,0.0,0.0,312.0,400.0,8184.0,0.0,0.0,0.0,0.0,30.0,0.0,0.0,0.0,0.0,0.0,0.0,0.0,0.0,0.0,0.0,0.0,0.0,0.0,0.0,1,1,0,1,1,1,0,0,0,1,1,1,0,0,0,0,1,0,0,0,0,0,0,0,0,0,0,0,0,0,0,6.162162162162162,0.49393694277019096,3.016674405449289,7.818118254508946,2.1621621621621623,0.5933648216243284,-0.06407065096704617,-0.33128734009400596,0.0,0.0,0,0,3.3783783783783785,0.48498266067368534,0.5015503913178169,-1.7484472049689437,0.4864864864864865,0.4998173515920792,0.05407380704358733,-1.9970760233918132,12.334459459459463,0.9850937284146473,3.015608067246343,7.810882637556128,1.0810810810810811,0.9409132532718492,0.42218958766980536,-0.810835538999445,496.6950000000003,32.78,6.641800000000007,0,13,0,0,0,0,0,0,0,0,0,0,0,0,0,0,0,0,0,0,0,0,0,0,0,0,0,0,0,0,0,0,0,0,0,0,0,0,0,0,0,0,0,0,0,0,0,0,0,0,0,0,1,0,0,0,0,0,0,0,0,0,0,0,0,0,0,0,0,0,0,0,0,0,0,0,0,0,1,0,0,0,0,0,0,0,0,1,1,0,0,0,0,0,0,1,0,0,1,0,0,1,1,1,0,0,0,1,0,0,1,1,0,1,0,1,1,1,1,0,1,0,0,0,1,0,0,1,1,1,1,1,0,0,1,0,0,0,0,0,1,0,0,1,1,1,1,1,0,1,1,1,1,0,1,1,1,1,0,1,1,1,1,1,1,1,1,1,0,1
CHEMBL220_101,35,34,-1,-1,-1,2.1739130434782608,2.7764878332329737,2.7451108409443945,5.900753958909656,0.11660372600523322,0.12237238108791161,1.5401079214600124,2.599320183711826,0.1866993598232576,0.09443667330084174,-0.19979261707742205,-1.0517829932227967,7.31047619047619,3.864092093849546,-0.09493789069030904,-0.8754451321593635,0.022358034122740005,0.06176332455148454,3.333703222417087,10.06071711406099,0.8,0.4,-1.5,0.24999999999999956,2.1739130434782608,2.7764878332329737,2.7451108409443945,5.900753958909656,2.0,0.0,0,0,1.9428571428571428,2.365741890798223,3.2273163565646397,9.374129534521796,0.0,0.0,0,0,0.029998045946242058,0.08795263328772339,4.401189913610698,20.370482671341453,0.043478260869565216,0.05064999179798249,2.776699315424235,6.026272876350767,0.04347826086956524,0.018343778652567564,0.5933908651359329,0.0775265531267193,1.3043478260869565,0.4601306627938419,0.850420064270761,-1.276785714285715,1.2472073074209427,68.0,260.0,0.0,206.0,2046.0,32.0,0.0,0.0,0.0,668.0,942.0,15960.0,0.0,0.0,0.0,0.0,132.0,0.0,0.0,0.0,12.0,0.0,0.0,0.0,0.0,0.0,0.0,0.0,0.0,0.0,24.0,1,1,0,1,1,1,0,0,0,1,1,1,0,0,0,0,1,0,0,0,1,0,0,0,0,0,0,0,0,0,1,6.304347826086956,0.6209937763950305,1.8615488175901798,2.084486735870823,2.1739130434782608,0.6360321234055563,-0.16482726090875002,-0.6171281334614389,0.0,0.0,0,0,3.4782608695652173,0.4995271866554807,0.0870388279778495,-1.9924242424242418,0.43478260869565216,0.4957284456952774,0.2631174057921088,-1.9307692307692308,12.61813043478261,1.23855397117304,1.8603926157040136,2.079305768944745,1.0869565217391304,1.0596571832133863,0.264833207864625,-1.4032071557324086,315.41700000000014,47.36,2.4534000000000002,0,7,0,0,0,0,0,0,0,0,0,0,0,0,0,0,0,0,0,0,0,0,0,0,0,0,0,0,0,0,0,0,0,0,0,0,0,0,0,0,1,0,0,0,0,0,0,0,0,0,0,0,0,0,0,0,0,0,0,0,0,0,0,0,0,0,0,1,0,0,0,0,0,0,0,0,0,0,0,1,0,0,1,0,0,1,0,1,1,0,0,0,0,0,1,0,0,0,1,1,1,0,1,1,0,0,0,1,0,0,1,1,1,1,0,1,1,0,1,1,1,0,1,1,1,0,0,1,1,1,1,1,0,0,1,0,0,0,0,1,1,0,0,0,1,1,1,1,0,1,1,1,0,0,1,1,1,1,1,1,1,1,1,1,1,1,1,1,0,1
CHEMBL220_106,36,32,-1,-1,-1,2.0,2.7136021011998723,2.784326984495891,5.947873799725652,0.11192788737012105,0.12349058995178243,1.6545617392495198,3.3204425215001123,0.16076083222808057,0.08741909929322463,-0.08997487810829305,-1.1052589341040548,6.519444444444444,3.7324579413505274,0.020867071813022983,-0.921018220437487,0.01951447245564893,0.05738917879589318,3.3120504630035024,9.976263948410766,0.8055555555555556,0.3957724124659724,-1.544097293955913,0.3842364532019724,2.0,2.7136021011998723,2.784326984495891,5.947873799725652,2.0,0.0,0,0,1.7777777777777777,2.237447840622474,3.37404661923769,10.213891604494924,0.0,0.0,0,0,0.005678261087321263,0.01638204674296598,2.630320759864193,5.128841906588006,0.045454545454545456,0.05621349511850486,2.7894668662994637,5.957447323438794,0.045454545454545435,0.0924729317012033,2.935902321640674,6.897594939698715,1.1818181818181819,0.38569460791993493,1.6499158227686117,0.7222222222222232,-0.5093682398005066,64.0,230.0,0.0,96.0,1770.0,8.0,0.0,0.0,0.0,360.0,414.0,13080.0,0.0,0.0,0.0,0.0,34.0,0.0,0.0,0.0,0.0,0.0,0.0,0.0,0.0,0.0,0.0,0.0,0.0,0.0,0.0,1,1,0,1,1,1,0,0,0,1,1,1,0,0,0,0,1,0,0,0,0,0,0,0,0,0,0,0,0,0,0,6.352941176470588,0.7228356310261476,1.6895541842699249,1.0472347704048097,2.1176470588235294,0.7180326832784532,-0.17814170620682498,-1.053375974055223,0.0,0.0,0,0,3.264705882352941,0.44117647058823534,1.0666666666666664,-0.8622222222222224,0.47058823529411764,0.4991341984846218,0.11785113019775799,-1.9861111111111112,12.714882352941176,1.4414396350361982,1.6891352597022444,1.0457344758103364,0.8823529411764706,1.0222439527636922,0.8974504769285211,-0.40403929652208204,462.5460000000002,88.85,4.560340000000004,0,9,0,0,0,0,0,0,0,0,0,0,0,0,0,0,0,0,0,0,0,0,0,0,0,0,0,0,0,0,0,0,0,0,0,0,0,0,0,0,0,0,0,0,0,0,0,0,0,0,0,0,0,0,0,0,0,0,0,1,0,0,0,0,0,0,0,0,0,0,0,0,0,0,1,0,0,0,0,0,0,0,0,0,0,0,0,1,1,0,0,1,0,0,1,0,0,1,0,0,1,1,1,1,0,0,0,1,0,0,1,1,1,1,0,1,1,0,1,1,1,0,0,0,1,1,0,1,1,1,0,1,0,0,1,1,0,1,1,1,1,0,1,1,1,1,1,1,1,1,1,1,1,1,1,1,1,1,1,1,1,1,1,1,1,1,1,1,0,1
CHEMBL220_110,36,34,-1,-1,-1,2.0833333333333335,2.752524094152291,2.898153743646183,6.888586812693806,0.11533163754400039,0.12031787547657702,1.8273229522918277,4.698251491099761,0.18529686582304972,0.0923764399724928,-0.24050716415526033,-0.941425916967638,7.487037037037037,3.908774773915243,-0.12243071447890812,-0.7640303090331093,0.023249299719887956,0.06788716370721529,3.269859956204561,9.738853936013312,0.8055555555555556,0.39577241246597245,-1.5440972939559128,0.38423645320197064,2.0833333333333335,2.752524094152291,2.898153743646183,6.888586812693806,2.0,0.0,0,0,1.8888888888888888,2.354402233379677,3.3640982720522192,10.462284413271755,0.0,0.0,0,0,0.03711911594235328,0.16442305862746562,5.571313855216911,29.67180875789348,0.041666666666666664,0.05041845498843517,2.8970656072883556,6.770315945837485,0.041666666666666664,0.018303893052815046,0.5464750310420255,-0.13242876117580016,1.2916666666666667,0.45452967144315476,0.9166984970282107,-1.1596638655462195,-1.1242266652373643,68.0,260.0,0.0,168.0,2106.0,16.0,0.0,0.0,0.0,448.0,806.0,17040.0,0.0,0.0,0.0,0.0,58.0,0.0,0.0,0.0,0.0,0.0,0.0,0.0,0.0,0.0,0.0,0.0,0.0,0.0,0.0,1,1,0,1,1,1,0,0,0,1,1,1,0,0,0,0,1,0,0,0,0,0,0,0,0,0,0,0,0,0,0,6.333333333333333,0.7200822998230956,1.7855101924184933,1.3163265306122485,2.1481481481481484,0.7046776885348314,-0.216623698947966,-0.982158664265437,0.0,0.0,0,0,3.3703703703703702,0.4829038818668629,0.53687549219316,-1.7117647058823522,0.4444444444444444,0.4969039949999533,0.22360679774997907,-1.9500000000000002,12.675740740740743,1.4359127331523605,1.7852322756423133,1.3152971220670855,1.0,1.0886621079036347,0.6889189901577689,-0.890625,369.4610000000001,48.0,3.732000000000003,1,8,0,0,0,0,0,0,0,0,0,0,0,0,0,0,0,0,0,0,0,0,0,0,0,0,0,0,0,0,0,0,0,0,0,0,0,0,0,0,0,0,0,0,0,0,0,0,0,0,0,0,0,0,0,0,0,0,0,0,0,0,0,0,0,0,0,0,0,0,0,0,0,0,1,0,0,0,0,0,0,0,0,0,0,0,0,1,1,0,0,0,0,0,0,1,0,0,1,0,0,0,1,1,0,0,0,1,0,0,0,0,0,0,0,1,1,0,1,0,0,0,0,0,1,0,0,1,1,1,0,0,0,0,1,0,0,0,0,0,1,0,1,1,0,1,1,1,1,0,1,1,1,0,1,1,1,1,0,1,1,1,1,1,1,1,1,1,0,1
CHEMBL220_118,39,37,-1,-1,-1,2.074074074074074,3.1260663475569173,3.6485065077669536,12.488317715760056,0.10463471684020756,0.1212130425028397,2.5357714448094577,9.770371871487301,0.19348588660771607,0.09735557531137949,-0.3073218211202038,-0.9025132885411424,8.497435897435897,4.453361575575685,-0.17317799281996715,-0.5938842759677985,0.023525549841339314,0.07272950905253889,3.8031734386871916,14.245424000811237,0.8205128205128205,0.3837597319768145,-1.6703827619526517,0.7901785714285703,2.074074074074074,3.1260663475569173,3.6485065077669536,12.488317715760056,2.0,0.0,0,0,1.8974358974358974,2.687052257704426,4.1930884215097874,17.760825540550286,0.0,0.0,0,0,0.03338983189058152,0.15792080017841234,5.872674492715904,32.991878970598826,0.03703703703703703,0.05083681280875211,3.6255113632967375,12.249396636599513,0.037037037037037035,0.45683156851010914,-3.900744245473408,15.243709867204295,1.2592592592592593,0.438228132081453,1.0987005311470714,-0.7928571428571423,0.10791762699367997,74.0,348.0,0.0,172.0,3924.0,16.0,0.0,0.0,0.0,544.0,1008.0,46824.0,0.0,0.0,0.0,0.0,70.0,0.0,0.0,0.0,0.0,0.0,0.0,0.0,0.0,0.0,0.0,0.0,0.0,0.0,0.0,1,1,0,1,1,1,0,0,0,1,1,1,0,0,0,0,1,0,0,0,0,0,0,0,0,0,0,0,0,0,0,6.473684210526316,0.8187552203212656,1.2351790129667335,-0.3659244587118371,2.210526315789474,0.7663273567663703,0.3246115214070427,-0.152545389818441,0.0,0.0,0,0,3.4210526315789473,0.49372797471825575,0.31980107453341583,-1.8977272727272727,0.3157894736842105,0.464829519280413,0.7925939239012172,-1.3717948717948716,12.955631578947367,1.632665634718954,1.2349119598008338,-0.3666113012340091,0.8947368421052632,1.0205641805087007,0.8056606915590628,-0.596848121321865,263.29299999999995,56.790000000000006,2.1914,2,2,0,0,0,0,0,0,0,0,0,0,0,0,0,0,0,0,0,0,0,1,0,0,0,1,0,0,0,0,0,0,0,0,0,0,0,0,0,0,0,0,0,0,0,0,0,0,0,0,0,0,0,0,0,0,0,0,0,1,0,0,0,0,0,0,0,0,1,0,0,0,0,0,0,0,0,0,0,0,0,0,0,0,1,1,0,0,0,0,0,0,0,0,0,0,0,0,1,0,1,0,1,1,0,0,0,1,1,0,0,1,1,0,1,1,1,1,0,1,0,0,1,0,0,1,0,0,1,1,0,1,0,0,1,0,0,0,0,1,1,0,1,0,0,1,1,1,1,0,0,1,0,1,1,1,1,1,1,1,1,1,1,1,1,1,1,1,0,1
CHEMBL220_120,38,36,-1,-1,-1,2.1739130434782608,3.087874939924296,2.849237752157654,6.4870263017720085,0.10657612347803924,0.12230012010655572,1.7187405516433873,3.5230314812150985,0.1693716915309135,0.09686518287998945,-0.06883837542512258,-1.2826096101583768,7.1008771929824555,4.204049752114237,0.036937109846274865,-1.0438673762189112,0.01588430535798957,0.049059656551848296,3.6898326070888467,12.562974859732629,0.8157894736842105,0.3876557858593746,-1.6292261599251139,0.6543778801843323,2.1739130434782608,3.087874939924296,2.849237752157654,6.4870263017720085,2.0,0.0,0,0,1.894736842105263,2.510917987763487,3.5502524541102543,11.6942528593623,0.0,0.0,0,0,0.02090341288706264,0.049863687506971476,2.0878432842180437,2.5936602026255926,0.043478260869565216,0.05652202795799329,2.8736723095230015,6.604289404650185,0.043478260869565265,0.07332417098977179,2.975391766277342,7.1881147859037124,1.2608695652173914,0.43910891036356847,1.0891622972743424,-0.8137254901960773,0.27523130119000866,72.0,304.0,0.0,220.0,2772.0,48.0,0.0,0.0,0.0,948.0,1154.0,25200.0,0.0,0.0,0.0,0.0,246.0,0.0,0.0,0.0,48.0,0.0,0.0,0.0,0.0,0.0,0.0,0.0,0.0,0.0,0.0,1,1,0,1,1,1,0,0,0,1,1,1,0,0,0,0,1,0,0,0,1,0,0,0,0,0,0,0,0,0,0,6.484848484848484,1.908850393699833,5.068474889545973,24.919668080531356,2.242424242424242,0.6045435558563637,-0.1702754683473106,-0.5413878437413189,0.0,0.0,0,0,3.212121212121212,0.40881022918884974,1.4083737016560935,-0.01648351648351465,0.6666666666666666,0.4714045207910317,-0.7071067811865475,-1.5,13.023666666666667,4.058445221530238,5.115174972041936,25.28150712556854,0.7878787878787878,0.8074492481499531,0.7486837293716841,-0.13698472525292615,455.98900000000026,45.230000000000004,6.257700000000006,0,5,0,0,0,0,0,0,0,0,0,0,0,0,0,0,0,0,0,0,0,0,0,0,0,0,0,0,0,0,0,0,0,0,0,0,0,0,0,0,0,0,0,0,0,0,0,0,0,0,0,0,0,0,0,0,0,0,0,0,0,0,0,0,1,0,0,1,0,0,0,0,0,0,0,0,0,1,0,0,0,0,1,0,1,0,0,1,1,1,0,0,0,0,1,0,0,0,0,0,1,0,1,1,0,1,0,1,0,1,0,0,1,1,0,0,1,0,0,1,1,0,1,1,1,0,0,1,0,0,1,1,0,0,0,0,1,1,0,1,1,0,0,0,1,0,1,1,0,1,1,0,0,1,0,1,1,1,1,0,1,0,1,1,1,1,1,1,0,1
CHEMBL220_121,40,38,-1,-1,-1,2.1538461538461537,3.278042423486541,3.3946724727548516,10.51670479244697,0.10373407675979282,0.11932829219758997,2.1647991783575837,6.976767349619967,0.1840932505911202,0.10333086743616249,-0.21289225762157624,-1.1570958294600049,8.120833333333334,4.708036495067651,-0.09755741684406664,-0.890490185849313,0.01808367071524966,0.05644827977438588,4.023586913458481,16.192299016865043,0.825,0.3799671038392666,-1.7106744068953987,0.9264069264069255,2.1538461538461537,3.278042423486541,3.3946724727548516,10.51670479244697,2.0,0.0,0,0,1.9,2.7367864366808017,4.078243577705596,16.58266919310304,0.0,0.0,0,0,0.018330097284768886,0.045576613685562505,2.24187815225281,3.309352338169065,0.03846153846153847,0.05343803573798714,3.443236607583354,10.873038335025454,0.03846153846153847,0.10769709352970246,-2.9773089407742033,8.708264599614925,1.2307692307692308,0.42132504423474315,1.278019300845387,-0.3666666666666676,0.7018244574802974,76.0,368.0,0.0,244.0,4146.0,48.0,0.0,0.0,0.0,1116.0,1460.0,48840.0,0.0,0.0,0.0,0.0,270.0,0.0,0.0,0.0,48.0,0.0,0.0,0.0,0.0,0.0,0.0,0.0,0.0,0.0,0.0,1,1,0,1,1,1,0,0,0,1,1,1,0,0,0,0,1,0,0,0,1,0,0,0,0,0,0,0,0,0,0,6.871794871794871,2.3334742138366065,3.605722359325803,12.124178346000873,2.2051282051282053,0.7225129642874548,-0.33075084781541675,-1.0444866727153894,0.0,0.0,0,0,3.2564102564102564,0.4366509324596513,1.1157184170779368,-0.7551724137931037,0.5128205128205128,0.4998356074261007,-0.05129891760425735,-1.9973684210526315,13.79125641025641,4.834979260252757,3.664557833152448,12.582657403195517,0.717948717948718,0.932290203215274,1.1568015235727407,0.3200796024910688,566.0830000000001,116.41999999999999,5.436900000000004,1,7,0,0,0,0,0,0,0,0,0,0,0,0,0,0,0,0,0,0,0,0,0,0,0,0,0,0,0,0,0,0,0,0,0,0,0,0,1,0,0,0,0,0,0,0,0,0,0,1,0,0,0,0,0,0,1,0,0,0,0,0,0,0,0,0,0,1,0,0,0,0,0,0,0,0,0,1,0,0,0,1,1,1,0,1,0,1,1,1,1,0,0,0,1,1,0,1,1,0,1,0,1,1,0,1,0,1,0,1,1,1,1,1,0,0,1,1,1,1,1,0,1,1,1,1,0,1,1,0,1,1,0,1,0,1,1,1,1,1,1,0,1,1,1,0,1,1,1,1,1,1,1,1,0,1,1,1,1,1,1,1,1,1,1,1,1,1,0,0
CHEMBL220_124,35,34,-1,-1,-1,2.1739130434782608,2.8076320506022503,2.6624555358576383,5.521125890654387,0.11403414709467269,0.12477035652677733,1.5535427183350914,2.433393181652434,0.19073557508550368,0.09742333643240682,-0.21189507753993833,-1.0955293116052789,7.371428571428571,3.9318773968608918,-0.07467944531261873,-0.8985498344817677,0.021543162719633305,0.05832231844274003,3.0856011517475697,8.240371246422649,0.8,0.4,-1.5,0.24999999999999956,2.1739130434782608,2.8076320506022503,2.6624555358576383,5.521125890654387,2.0,0.0,0,0,1.9428571428571428,2.389774133294455,3.144923958406844,8.899122703784666,0.0,0.0,0,0,0.022903828197945845,0.05405195290426949,2.1545660331829564,3.018434802637133,0.043478260869565216,0.05079943104924219,2.672609226958458,5.559712436517685,0.04347826086956517,0.9285552510687811,2.5983491330530084,5.333720891112337,1.2608695652173914,0.43910891036356847,1.0891622972743424,-0.8137254901960773,-0.7023218917714801,68.0,264.0,0.0,246.0,2064.0,48.0,0.0,0.0,0.0,840.0,1206.0,15984.0,0.0,0.0,0.0,0.0,228.0,0.0,0.0,0.0,48.0,0.0,0.0,0.0,0.0,0.0,0.0,0.0,0.0,0.0,0.0,1,1,0,1,1,1,0,0,0,1,1,1,0,0,0,0,1,0,0,0,1,0,0,0,0,0,0,0,0,0,0,6.3076923076923075,0.6661733875264914,1.8983276850954907,1.9317333333333346,2.230769230769231,0.6965680875490321,-0.34745528935744435,-0.9229625223081501,0.0,0.0,0,0,3.269230769230769,0.4435600997950306,1.0405319634289447,-0.9172932330827055,0.46153846153846156,0.49851851526214314,0.15430334996209163,-1.9761904761904763,12.624692307692309,1.328509713615824,1.8976702251115412,1.9289999804695066,0.8461538461538461,0.9880948137434714,0.7898225651675085,-0.6366942148760337,350.4180000000001,74.44,3.5139000000000022,1,3,0,0,0,0,0,0,0,0,0,0,0,0,0,0,0,0,0,0,0,0,0,0,0,0,0,0,0,0,0,0,0,0,0,0,0,0,0,0,0,0,0,0,0,0,0,0,0,0,0,0,1,0,0,0,0,0,0,1,0,0,0,0,1,0,0,1,0,0,0,0,0,0,0,0,0,0,1,0,0,0,1,0,0,0,1,0,0,0,0,1,1,1,1,0,0,0,1,1,1,1,0,1,0,0,0,1,0,0,0,1,1,1,0,1,1,0,0,1,1,0,1,1,0,1,0,1,1,0,0,1,0,0,0,1,0,1,0,1,0,0,0,0,1,0,1,1,1,1,0,1,1,1,1,1,1,1,1,1,1,1,1,1,1,1,1,1,0,1
CHEMBL220_128,37,35,-1,-1,-1,2.08,2.8272955275315668,2.945142929156445,7.040957185283856,0.11519832996787735,0.11728756029366065,1.7537246694138986,4.053608744447516,0.18730242527965518,0.09304108628254289,-0.28644015594862543,-0.9235363816177506,7.790990990990992,4.051064062559106,-0.16383999921387388,-0.7493366667969985,0.023423423423423424,0.06951892717607656,3.2835050082675705,9.705153059092002,0.8108108108108109,0.3916588309780929,-1.5871507864874157,0.5190476190476199,2.08,2.8272955275315668,2.945142929156445,7.040957185283856,2.0,0.0,0,0,1.8918918918918919,2.4249133033684274,3.4129434570371986,10.626835353574327,0.0,0.0,0,0,0.03590343333507876,0.16229284285308626,5.659140977502673,30.660242471282444,0.04,0.04988725991905373,2.9590778951951764,7.0472471355117055,0.04,0.040742138072158526,3.0743323374878733,8.318033984246018,1.28,0.44899888641287294,0.9799578870122225,-1.0396825396825395,-0.04295936877601335,70.0,280.0,0.0,174.0,2376.0,16.0,0.0,0.0,0.0,492.0,862.0,19920.0,0.0,0.0,0.0,0.0,60.0,0.0,0.0,0.0,0.0,0.0,0.0,0.0,0.0,0.0,0.0,0.0,0.0,0.0,0.0,1,1,0,1,1,1,0,0,0,1,1,1,0,0,0,0,1,0,0,0,0,0,0,0,0,0,0,0,0,0,0,6.333333333333333,0.642416074439621,1.7162772639614747,1.5355029585798832,2.1904761904761907,0.7315376902732009,-0.3122327271828241,-1.0908503303648382,0.0,0.0,0,0,3.3333333333333335,0.4714045207910317,0.7071067811865465,-1.500000000000001,0.47619047619047616,0.4994327848429293,0.09534625892455934,-1.990909090909091,12.675952380952381,1.2812743089890175,1.7151376285346787,1.5307722061693578,0.9047619047619048,1.1086139739831253,0.6078500183462305,-1.2591944554131893,285.34700000000004,78.10000000000001,2.575920000000001,0,2,0,0,0,0,0,0,0,0,0,0,0,0,0,0,0,0,0,0,0,0,0,0,0,0,0,0,0,0,0,0,0,0,0,0,0,0,0,0,1,0,0,0,0,0,0,0,0,0,0,0,0,0,0,0,0,0,0,0,0,0,0,0,0,0,0,1,0,0,0,0,0,0,0,0,0,0,0,1,0,0,1,0,0,0,1,0,0,0,0,0,1,1,0,0,0,0,0,1,1,0,0,1,0,0,0,1,0,0,0,1,0,1,0,0,1,0,0,0,1,0,1,1,0,1,0,1,1,0,1,1,0,0,0,1,0,1,0,1,0,0,0,0,1,0,1,1,0,1,0,1,1,1,0,1,1,1,1,1,1,1,1,1,1,1,1,1,0,1
CHEMBL220_154,35,31,-1,-1,-1,1.9130434782608696,2.2633765364904996,2.6276426754062374,5.383573480753251,0.11723415927331478,0.1217685528817175,1.5671128043244635,2.8359125943911963,0.16206631997632057,0.07622248393826384,-0.19349283012868007,-0.8981353826647069,6.586666666666667,3.3357700617341575,-0.05431433369530392,-0.7614516733502117,0.02857142857142857,0.07543466670693645,2.688318866996431,5.99213266210052,0.8,0.4,-1.5,0.24999999999999956,1.9130434782608696,2.2633765364904996,2.6276426754062374,5.383573480753251,2.0,0.0,0,0,1.7714285714285714,1.9579247656013505,2.9707973536727175,7.855370767538572,0.0,0.0,0,0,0.0,0.0,0,0,0.04347826086956521,0.04671986177947596,2.6204886701855665,5.3521936868566335,0.04347826086956519,0.24240482462638105,-2.406896483569886,4.703608021359178,1.0,0.0,0,0,-1.4593963892822055,62.0,182.0,0.0,72.0,1080.0,0.0,0.0,0.0,0.0,164.0,248.0,6168.0,0.0,0.0,0.0,0.0,0.0,0.0,0.0,0.0,0.0,0.0,0.0,0.0,0.0,0.0,0.0,0.0,0.0,0.0,0.0,1,1,0,1,1,0,0,0,0,1,1,1,0,0,0,0,0,0,0,0,0,0,0,0,0,0,0,0,0,0,0,6.214285714285714,0.5578749768504754,2.493570710824268,4.798172534264979,2.142857142857143,0.5802884574739973,-0.02238027108715112,-0.19559228650137994,0.0,0.0,0,0,3.142857142857143,0.3499271061118826,2.0412414523193156,2.1666666666666696,0.6428571428571429,0.47915742374995496,-0.5962847939999442,-1.6444444444444446,12.438428571428574,1.1126040056863846,2.4925970621983113,4.792686944634591,0.8571428571428571,0.6925256939166184,0.8426931033263328,1.475328202806696,372.468,52.57000000000001,4.676100000000005,0,7,0,0,0,0,0,0,0,0,0,0,0,0,0,0,0,0,0,0,0,0,0,0,0,0,0,0,0,0,0,0,0,0,0,0,0,0,0,0,0,0,0,0,0,0,0,0,0,0,0,0,0,0,0,0,0,0,0,0,0,0,0,0,0,0,0,0,0,0,0,0,0,0,0,0,0,0,0,0,0,0,0,0,0,0,0,1,1,0,0,0,0,0,1,1,0,0,0,0,0,1,1,0,0,0,0,0,0,0,0,0,1,0,0,1,0,1,0,1,0,0,0,0,1,0,0,1,0,1,0,0,0,1,0,1,0,1,0,0,1,1,0,0,1,1,0,1,0,0,1,0,0,1,1,1,1,1,1,1,1,1,1,1,1,1,1,1,0,1
CHEMBL220_174,38,34,-1,-1,-1,1.9230769230769231,2.70217970311543,3.309605657592588,9.68034143355862,0.10237095648613359,0.12584107732294073,2.4415443372588626,8.668622891652314,0.17525620978335804,0.08437217268567473,-0.331116962512995,-0.9162183517917186,7.667167919799499,3.9419885246449677,-0.13119905515876287,-0.62532790371821,0.027066540224434964,0.07926171105390716,3.140792021411191,8.513880831678858,0.8157894736842105,0.3876557858593746,-1.6292261599251139,0.6543778801843323,1.9230769230769231,2.70217970311543,3.309605657592588,9.68034143355862,2.0,0.0,0,0,1.7894736842105263,2.3300993285451215,3.7497882837667174,13.618192419825068,0.0,0.0,0,0,0.0,0.0,0,0,0.03846153846153845,0.04896056235732575,3.3051934708926485,9.675756002256696,0.038461538461538464,0.05823941417561727,4.134134557885355,16.993221218204052,1.0,0.0,0,0,-0.25819732221848835,68.0,260.0,0.0,82.0,2280.0,0.0,0.0,0.0,0.0,212.0,376.0,20304.0,0.0,0.0,0.0,0.0,0.0,0.0,0.0,0.0,0.0,0.0,0.0,0.0,0.0,0.0,0.0,0.0,0.0,0.0,0.0,1,1,0,1,1,0,0,0,0,1,1,1,0,0,0,0,0,0,0,0,0,0,0,0,0,0,0,0,0,0,0,7.130434782608695,2.070587982572288,3.3517960570885905,11.693310657596376,2.0,0.8340576562282991,0.4496092053105674,-0.48437499999999956,0.0,0.0,0,0,3.217391304347826,0.4124709991523973,1.370320319406297,-0.12222222222222445,0.2608695652173913,0.43910891036356864,1.0891622972743413,-0.81372549019608,14.270478260869568,4.150345704506881,3.362490407077979,11.752268307577403,0.6956521739130435,0.8564224175474873,1.041776567885809,0.21261558082686793,344.3490000000001,156.69,-1.255299999999998,0,6,0,0,0,0,0,0,0,0,0,0,0,0,0,0,0,0,0,0,0,0,0,0,0,0,0,0,0,0,0,0,0,0,1,1,0,0,0,1,0,0,0,0,0,1,0,0,0,0,0,0,0,1,0,0,1,1,0,0,1,1,1,1,0,0,1,0,0,1,0,1,0,0,0,1,0,0,0,1,0,1,0,1,1,0,1,0,0,0,1,0,1,1,1,1,1,1,0,0,0,0,1,0,1,0,1,0,1,0,0,0,1,1,1,0,0,0,1,1,0,0,0,0,0,1,1,0,1,0,0,1,1,1,1,1,0,1,1,0,1,0,1,0,1,0,0,0,1,0,1,0,0,1,0,1,1,1,1,1,1,1,1,1,1,1,1,1,0,0
CHEMBL220_196,36,34,-1,-1,-1,2.0833333333333335,2.7373446176094736,2.8379541250328733,6.400236720747682,0.11322882930337513,0.1222988552373444,1.6176744684572462,2.8376546797406403,0.1849081537614654,0.09298451514531159,-0.21289312464104057,-1.0184353748445276,7.451851851851853,3.9271918818435094,-0.0898017408489069,-0.8400736143703638,0.023529411764705885,0.06326471764902969,3.196081618893022,9.216312739218703,0.8055555555555556,0.39577241246597245,-1.5440972939559128,0.38423645320197064,2.0833333333333335,2.7373446176094736,2.8379541250328733,6.400236720747682,2.0,0.0,0,0,1.8888888888888888,2.3425742935897795,3.297188709210543,9.815539508630033,0.0,0.0,0,0,0.01158703029270405,0.030279442841346753,2.459675348523056,4.591373462651492,0.04166666666666666,0.049436078967288064,2.8476357259696936,6.4421783692684205,0.04166666666666666,0.025145518770940338,0.18073775145035667,0.16856331470630526,1.2083333333333333,0.40611643103370687,1.4363696929192162,0.06315789473684186,0.9032866504939056,68.0,258.0,0.0,184.0,2046.0,24.0,0.0,0.0,0.0,644.0,852.0,15960.0,0.0,0.0,0.0,0.0,112.0,0.0,0.0,0.0,12.0,0.0,0.0,0.0,0.0,0.0,0.0,0.0,0.0,0.0,0.0,1,1,0,1,1,1,0,0,0,1,1,1,0,0,0,0,1,0,0,0,1,0,0,0,0,0,0,0,0,0,0,7.193548387096774,5.114302240672623,5.174732695517763,25.191151257464913,2.193548387096774,0.6435463659116131,-0.2032726375092895,-0.6733794601146443,0.0,0.0,0,0,3.2580645161290325,0.4375696763306625,1.105814671161727,-0.7771739130434807,0.5806451612903226,0.49345350131543086,-0.3268602252303067,-1.8931623931623938,14.71580645161291,11.965467243264502,5.20701372934549,25.420245808012833,0.8064516129032258,0.8198880662670216,0.7213559555896845,-0.22915488502717407,481.39000000000016,61.800000000000004,4.651600000000004,0,6,0,0,0,0,0,0,0,0,0,0,0,0,0,0,0,0,0,0,0,0,0,0,0,0,0,0,0,0,0,0,0,0,0,0,0,0,0,0,0,0,0,0,0,0,0,0,1,0,0,0,0,0,0,0,0,0,0,0,0,0,0,0,0,0,0,0,0,0,0,0,0,0,1,0,0,1,0,0,0,0,0,0,1,0,0,1,1,1,0,0,0,1,1,1,0,0,0,0,1,0,1,1,0,0,0,1,0,1,0,0,1,1,0,1,0,0,0,1,1,0,0,1,1,0,0,1,1,1,1,1,0,1,0,0,1,0,0,1,1,1,0,0,1,1,1,1,1,1,1,0,1,1,1,1,1,1,1,1,1,1,1,1,1,1,1,1,0,0
CHEMBL220_219,39,38,-1,-1,-1,2.1481481481481484,3.0148239148101807,3.1503823281866103,8.613482554478793,0.10936414691659167,0.11696370809029522,2.0117381959693885,5.852423259157076,0.19022762305708868,0.09574863090049314,-0.28243865939159163,-0.9603920872400287,8.413675213675214,4.399520615873916,-0.1930446739463744,-0.7476352516623193,0.02432797169639275,0.0688979846582357,3.7566813951917473,13.87516070878537,0.8205128205128205,0.3837597319768145,-1.6703827619526517,0.7901785714285703,2.1481481481481484,3.0148239148101807,3.1503823281866103,8.613482554478793,2.0,0.0,0,0,1.9487179487179487,2.60126909804562,3.6397967178010013,12.633391784607705,0.0,0.0,0,0,0.019404891818684922,0.043584301558363785,2.455595264457242,5.860011904053421,0.037037037037037035,0.047387564733130626,3.14248980095895,8.474157609026214,0.03703703703703704,0.43662249313755863,3.3280948638419874,10.28514696162856,1.2962962962962963,0.4566232594791834,0.892217816219194,-1.2039473684210518,-0.5653895353423101,76.0,336.0,0.0,228.0,3246.0,32.0,0.0,0.0,0.0,890.0,1242.0,32064.0,0.0,0.0,0.0,0.0,154.0,0.0,0.0,0.0,12.0,0.0,0.0,0.0,0.0,0.0,0.0,0.0,0.0,0.0,0.0,1,1,0,1,1,1,0,0,0,1,1,1,0,0,0,0,1,0,0,0,1,0,0,0,0,0,0,0,0,0,0,6.65,1.7399712641305316,4.047590977664845,18.128669142821686,2.2,0.6782329983125268,0.2115471544831125,0.001890359168242206,0.0,0.0,0,0,3.35,0.47696960070847283,0.6289709020331506,-1.6043956043956047,0.575,0.4943429983321297,-0.303433042454504,-1.9079283887468028,13.385524999999998,3.594736499296576,3.7706311143815814,15.711717640309164,0.8,0.8717797887081348,0.8512531177828738,-0.11357340720221654,567.6770000000002,46.620000000000005,7.837200000000007,0,9,0,0,0,0,0,0,0,0,0,0,0,0,0,0,0,0,0,0,0,0,0,0,0,0,0,0,0,0,0,0,0,0,0,0,0,0,1,0,0,0,0,0,1,0,0,0,0,1,0,0,0,0,0,0,0,0,0,0,0,0,0,0,1,0,0,1,0,0,0,0,0,0,0,0,0,1,0,1,0,0,0,1,1,1,0,1,1,0,1,0,1,1,0,1,0,0,1,0,1,0,1,0,0,0,0,0,1,1,0,0,0,1,1,1,0,0,0,0,1,0,1,1,1,0,0,1,1,1,1,1,0,0,0,1,1,1,0,1,1,0,0,0,1,1,1,1,0,1,1,1,1,1,1,1,0,1,1,1,1,1,1,1,1,1,1,1,0,1
CHEMBL220_236,38,35,-1,-1,-1,2.0,2.7873339895374523,3.0370764918840094,7.565924909322614,0.11241785628547542,0.11695304639838337,1.77416557401972,3.952513714790392,0.18605656011355304,0.0920231946682766,-0.2973942770180135,-0.8942525735179934,7.938596491228072,4.118568183011706,-0.16018561689764013,-0.727446433269987,0.02437964280069543,0.07013304254599613,3.204442133303615,9.228173945960002,0.8157894736842105,0.3876557858593746,-1.6292261599251139,0.6543778801843323,2.0,2.7873339895374523,3.0370764918840094,7.565924909322614,2.0,0.0,0,0,1.8421052631578947,2.4009462585172723,3.483160936189356,11.093344719079129,0.0,0.0,0,0,0.0034472206980964842,0.01066124294965383,3.1474632425871687,9.093659192404791,0.03846153846153846,0.04862601640737263,3.044461451789664,7.593905022781582,0.03846153846153847,0.01838342571612491,0.4040135503011961,1.4260000498567278,1.1538461538461537,0.36080121229411,1.9188064472004944,1.6818181818181834,-1.7335091682466368,70.0,278.0,0.0,152.0,2376.0,8.0,0.0,0.0,0.0,488.0,754.0,19920.0,0.0,0.0,0.0,0.0,40.0,0.0,0.0,0.0,0.0,0.0,0.0,0.0,0.0,0.0,0.0,0.0,0.0,0.0,0.0,1,1,0,1,1,1,0,0,0,1,1,1,0,0,0,0,1,0,0,0,0,0,0,0,0,0,0,0,0,0,0,6.478260869565218,0.8272303300191498,1.2213395144438888,-0.4211257287628585,2.1739130434782608,0.7010658911563957,-0.25474826257937383,-0.9604142011834327,0.0,0.0,0,0,3.0434782608695654,0.20393111999232302,4.477215043467814,18.04545454545454,0.6956521739130435,0.4601306627938419,-0.8504200642707608,-1.276785714285715,12.964739130434786,1.6495521715695085,1.2211224678408494,-0.4216734425847659,0.5652173913043478,0.7117698062497783,1.5781739416474947,3.221263087547336,311.29300000000006,88.77,2.7595000000000005,0,3,0,0,0,0,0,0,0,0,0,0,0,0,0,0,0,0,0,0,0,0,0,0,0,0,0,0,0,0,0,0,0,0,0,0,0,0,0,0,0,0,0,0,0,0,0,0,0,0,0,0,0,0,0,1,0,0,0,1,0,0,0,0,0,0,0,0,0,0,0,0,0,0,1,0,0,0,0,0,0,0,0,0,0,0,0,0,0,0,0,1,0,0,1,1,0,0,0,1,1,0,0,1,0,0,0,1,0,0,0,0,1,0,0,1,0,0,0,1,0,0,0,0,0,0,0,1,1,1,0,0,0,1,0,1,0,1,1,1,0,1,1,0,0,1,1,1,1,0,0,0,1,1,1,0,1,0,1,1,1,1,1,1,1,1,1,1,0,0
CHEMBL220_239,39,39,-1,-1,-1,2.2222222222222223,3.3591592128513277,3.5826726412200935,11.947878610862395,0.10822932362062847,0.1180145717682648,2.3013904770095555,8.176030433623012,0.20333583285431925,0.10503886469586399,-0.29398000514633676,-1.0093377951537006,8.835897435897438,4.6978999649469655,-0.19196632768643884,-0.6910893533532421,0.02177481124849546,0.0672439262024435,4.188682638086516,17.277822218480267,0.8205128205128205,0.3837597319768145,-1.6703827619526517,0.7901785714285703,2.2222222222222223,3.3591592128513277,3.5826726412200935,11.947878610862395,2.0,0.0,0,0,2.0,2.8823067684915684,4.163331998932264,17.369341563786005,0.0,0.0,0,0,0.048793650889588654,0.16165771037624008,5.225985516752852,27.755914068447122,0.037037037037037035,0.05102513864258078,3.6026567714760223,12.070414555828732,0.037037037037037035,0.01823321002081287,-0.3211689330174308,-0.847714421877888,1.3333333333333333,0.4714045207910316,0.7071067811865481,-1.4999999999999982,-1.346805345719751,78.0,402.0,0.0,286.0,4860.0,56.0,0.0,0.0,0.0,1212.0,1800.0,62280.0,0.0,0.0,0.0,0.0,306.0,0.0,0.0,0.0,48.0,0.0,0.0,0.0,0.0,0.0,0.0,0.0,0.0,0.0,0.0,1,1,0,1,1,1,0,0,0,1,1,1,0,0,0,0,1,0,0,0,1,0,0,0,0,0,0,0,0,0,0,6.666666666666667,1.7695516752310827,4.4492163691923565,20.495587929240365,2.303030303030303,0.5765544724375894,-0.14083444234552794,-0.5983791703549954,0.0,0.0,0,0,3.090909090909091,0.28747978728803447,2.846049894151543,6.100000000000007,0.8181818181818182,0.38569460791993504,-1.6499158227686115,0.7222222222222228,13.34421212121212,3.547101520598027,4.458615772709791,20.564624680124165,0.5454545454545454,0.8198635914223443,1.6687011313187659,2.316514377855417,458.50300000000016,99.45,4.478500000000003,0,6,0,0,0,0,0,0,0,0,0,0,0,0,0,0,0,0,0,0,0,0,0,0,0,0,0,0,0,0,0,0,0,0,0,0,0,0,1,0,1,0,0,0,0,0,0,0,0,1,0,0,0,0,1,0,0,0,0,0,0,0,0,0,1,0,0,1,0,0,0,0,0,0,0,0,0,0,0,1,0,1,1,1,0,1,0,0,0,0,1,0,0,0,0,1,1,1,1,1,1,0,0,1,0,0,0,1,1,0,0,1,0,1,0,1,0,0,0,0,0,0,1,1,1,0,1,1,1,1,0,0,1,0,0,0,0,0,0,1,0,0,0,0,1,1,0,1,1,0,1,1,0,1,1,1,0,1,1,1,0,1,1,1,1,1,1,1,0,0
CHEMBL220_242,39,39,-1,-1,-1,2.2222222222222223,3.224137361899313,3.373373841703772,10.620124576142098,0.10836028041368433,0.11789433943024295,2.158815377255649,7.049763535546726,0.20334456444245458,0.10430006722130399,-0.3216090464073026,-0.9883587670190632,8.775213675213676,4.649513456448248,-0.20137815222897318,-0.7311063887883975,0.02162891636575847,0.06364018401404357,4.035677593445755,16.49214429138849,0.8205128205128205,0.3837597319768145,-1.6703827619526517,0.7901785714285703,2.2222222222222223,3.224137361899313,3.373373841703772,10.620124576142098,2.0,0.0,0,0,2.0,2.7735009811261455,3.915628685153892,15.470399999999998,0.0,0.0,0,0,0.023342042572811802,0.049875965105610987,1.8567342214321818,1.6974535065064078,0.037037037037037035,0.049168772063806494,3.4166960290668436,10.892557365452399,0.03703703703703704,0.024149999596656438,-0.3384880964899416,-0.7171483059238399,1.2962962962962963,0.4566232594791834,0.8922178162191942,-1.2039473684210513,-1.503166114644186,78.0,378.0,0.0,316.0,4158.0,56.0,0.0,0.0,0.0,1244.0,1924.0,48840.0,0.0,0.0,0.0,0.0,304.0,0.0,0.0,0.0,48.0,0.0,0.0,0.0,0.0,0.0,0.0,0.0,0.0,0.0,36.0,1,1,0,1,1,1,0,0,0,1,1,1,0,0,0,0,1,0,0,0,1,0,0,0,0,0,0,0,0,0,1,6.545454545454546,1.9241827716833386,4.869034519764514,23.43249760841836,2.1818181818181817,0.6254474981984937,-0.15353923408463227,-0.5632810950208293,0.0,0.0,0,0,3.242424242424242,0.4285495643554833,1.2020815280171326,-0.554999999999997,0.6363636363636364,0.48104569292083466,-0.5669467095138406,-1.6785714285714286,13.144515151515153,4.085775147117221,4.936617357471627,23.951460167269197,0.8484848484848485,0.8570991287109667,0.8727465446794959,0.18007499999999999,461.9930000000001,57.36,5.434400000000005,0,9,0,0,0,0,0,0,0,0,0,0,0,0,0,0,0,0,0,0,0,0,0,0,0,0,0,0,0,0,0,0,0,0,0,0,0,0,0,0,0,0,0,0,0,0,0,0,0,0,0,0,0,0,0,0,0,0,0,0,0,0,0,0,0,0,0,1,0,0,0,0,0,0,0,0,0,0,0,0,0,0,0,0,1,1,0,1,1,1,0,0,1,1,1,1,0,0,1,1,0,0,1,1,0,1,1,1,0,1,0,0,1,1,0,1,0,1,0,1,1,0,0,1,1,0,0,1,1,1,0,0,0,1,0,0,1,0,0,1,1,0,0,0,1,1,0,1,0,1,1,1,0,1,1,1,1,1,1,1,1,1,1,1,1,1,1,1,0,1
CHEMBL220_245,38,38,-1,-1,-1,2.230769230769231,3.129360862585845,3.166993968327016,9.144458338277301,0.11113204635296414,0.11817553785401971,2.0771907280535427,6.633134126352088,0.20192150744172602,0.10290921730331515,-0.32526251042070536,-0.9604913610406491,8.482456140350878,4.473327299144264,-0.20758685460931328,-0.7435732318671326,0.02113956061324482,0.06451364027378773,3.6746404766179745,12.967964938160693,0.8157894736842105,0.3876557858593746,-1.6292261599251143,0.6543778801843323,2.230769230769231,3.129360862585845,3.166993968327016,9.144458338277301,2.0,0.0,0,0,2.0,2.6852423197524415,3.6941574904538226,13.592732697533169,0.0,0.0,0,0,0.02888804988589047,0.07668252556969844,3.899453445109474,16.728512474875124,0.038461538461538464,0.0496447050662578,3.1901743869145953,9.13663308673437,0.03846153846153847,0.017753985561716,0.3054111556058989,-0.6021155199855035,1.3076923076923077,0.4615384615384615,0.8333333333333337,-1.305555555555555,1.9615833052236582,76.0,350.0,0.0,306.0,3540.0,48.0,0.0,0.0,0.0,976.0,1794.0,37944.0,0.0,0.0,0.0,0.0,226.0,0.0,0.0,0.0,24.0,0.0,0.0,0.0,0.0,0.0,0.0,0.0,0.0,0.0,48.0,1,1,0,1,1,1,0,0,0,1,1,1,0,0,0,0,1,0,0,0,1,0,0,0,0,0,0,0,0,0,1,6.333333333333333,0.7126966450997982,1.783133598384459,1.3476562500000036,2.2857142857142856,0.7648751621051909,0.10424474897269294,-0.3950784207679816,0.0,0.0,0,0,3.5238095238095237,0.49943278484292924,-0.09534625892455877,-1.9909090909090907,0.2857142857142857,0.45175395145262565,0.9486832980505142,-1.1,12.675761904761904,1.4212062584385647,1.7827731803024052,1.346307441486048,1.0,0.9759000729485332,0.6148170459575759,-0.6899999999999995,287.35900000000004,41.93,1.8503,3,1,0,0,0,0,0,0,0,0,0,0,0,0,0,0,0,0,0,0,0,1,0,0,0,0,0,0,0,0,0,0,0,0,0,0,0,0,0,0,0,0,0,0,0,0,0,0,0,0,0,0,0,0,0,0,0,0,0,1,0,0,0,0,0,0,0,0,1,0,0,0,0,0,1,0,0,1,0,0,0,0,0,0,0,1,0,1,1,0,0,1,0,0,0,1,0,0,1,0,0,1,1,1,0,0,1,1,0,0,0,0,0,1,1,1,0,1,1,0,1,0,1,1,1,0,0,0,1,1,1,1,0,0,1,0,0,0,0,1,1,1,0,0,0,1,1,1,1,1,1,1,0,0,1,1,0,0,0,1,1,1,1,1,1,1,1,1,0,1
CHEMBL220_263,38,36,-1,-1,-1,2.1666666666666665,2.9953667926019047,2.9088612174875115,6.6941502362717955,0.11012045589599902,0.11911874187944378,1.6779071519975746,3.360686144113841,0.17122535352571994,0.09464068459782135,-0.15486093561792103,-1.158953168354826,7.322807017543859,4.210059001844877,-0.07397225948193287,-0.9760301528873763,0.01900584795321637,0.0572666566250036,3.611544378451423,11.888096832130215,0.8157894736842105,0.3876557858593746,-1.6292261599251139,0.6543778801843323,2.1666666666666665,2.9953667926019047,2.9088612174875115,6.6941502362717955,2.0,0.0,0,0,1.894736842105263,2.4898686678978676,3.536612469587997,11.355611219324024,0.0,0.0,0,0,0.043690777746505295,0.16141991753580942,5.462317834193148,29.423870134404694,0.04166666666666666,0.05294059470502447,2.9350478301321306,6.809202566776317,0.041666666666666664,0.03214655631945282,2.6107077994967374,5.474757643645917,1.3333333333333333,0.4714045207910317,0.7071067811865479,-1.4999999999999998,-0.3662845226635404,72.0,300.0,0.0,180.0,2700.0,32.0,0.0,0.0,0.0,766.0,880.0,23880.0,0.0,0.0,0.0,0.0,140.0,0.0,0.0,0.0,12.0,0.0,0.0,0.0,0.0,0.0,0.0,0.0,0.0,0.0,0.0,1,1,0,1,1,1,0,0,0,1,1,1,0,0,0,0,1,0,0,0,1,0,0,0,0,0,0,0,0,0,0,6.379310344827586,0.8057463065895119,1.977083418149316,2.615485247353379,2.206896551724138,0.8042692268752138,-0.39107351998029793,-1.3507650302768168,0.0,0.0,0,0,3.206896551724138,0.40508069394726653,1.4471361022898732,0.09420289855072861,0.6551724137931034,0.47531202593414557,-0.6529286250990105,-1.5736842105263154,12.802137931034487,1.7255439467047817,2.2012290818283,4.002172408237937,0.7241379310344828,0.9430892642191272,1.3136507437160767,0.8061139866739109,392.4300000000001,64.23,4.736220000000004,0,4,0,0,0,0,0,0,0,0,0,0,0,0,0,0,0,0,0,0,0,0,0,0,0,0,0,0,0,0,0,0,0,0,0,0,0,0,0,0,0,0,0,0,1,0,0,0,0,0,0,0,0,0,0,0,0,0,0,0,0,0,0,0,1,0,0,1,0,0,0,0,0,0,0,0,1,1,0,0,0,0,0,0,0,1,0,1,0,1,0,0,0,0,1,0,0,1,1,0,1,0,1,1,0,0,1,1,0,1,0,0,1,0,0,1,0,0,1,1,0,0,1,1,1,1,0,1,0,1,0,0,0,0,1,0,1,0,1,1,0,1,0,1,1,1,1,1,1,0,1,1,1,0,0,1,1,1,1,1,1,1,1,1,1,1,1,1,0,0
CHEMBL220_276,39,39,-1,-1,-1,2.2222222222222223,3.281071791162978,3.1371831507548147,8.456879681844967,0.1087081553720339,0.11757364754329684,1.8556521737408687,4.393581505256944,0.2060151198911163,0.10555592945346827,-0.3546814471939246,-1.0298366390223561,8.841880341880342,4.689192994242068,-0.2135549498246259,-0.7908065606059163,0.02104533683481052,0.06244631195934329,3.588853523220281,12.04358780564539,0.8205128205128205,0.3837597319768145,-1.6703827619526517,0.7901785714285703,2.2222222222222223,3.281071791162978,3.1371831507548147,8.456879681844967,2.0,0.0,0,0,2.0,2.8193470784417354,3.6659139805802865,12.699833506763785,0.0,0.0,0,0,0.027662792588165723,0.06271475578139821,1.9789733331864157,2.1435447282504496,0.037037037037037035,0.049619629640731015,3.158831846302445,8.605154454386904,0.03703703703703704,2.373924370572977,3.083246109222025,8.3137365477287,1.2592592592592593,0.438228132081453,1.0987005311470714,-0.7928571428571418,-1.1722205182149414,78.0,388.0,0.0,356.0,4134.0,80.0,0.0,0.0,0.0,1582.0,2200.0,44784.0,0.0,0.0,0.0,0.0,476.0,0.0,0.0,0.0,120.0,0.0,0.0,0.0,0.0,0.0,0.0,0.0,0.0,0.0,0.0,1,1,0,1,1,1,0,0,0,1,1,1,0,0,0,0,1,0,0,0,1,0,0,0,0,0,0,0,0,0,0,6.5675675675675675,1.7482120679779707,4.379043012134575,20.12836116097379,2.2162162162162162,0.6631267106154214,-0.27135196818309,-0.7794229644264394,0.0,0.0,0,0,3.2972972972972974,0.457068500683453,0.8869685939836235,-1.2132867132867131,0.6216216216216216,0.48498266067368534,-0.5015503913178175,-1.7484472049689432,13.200351351351353,3.5844901270817897,4.153832727119341,18.132833353748474,0.7837837837837838,0.8741060339889852,0.9190753795073512,0.03847672458861906,517.6450000000002,45.230000000000004,7.222840000000007,0,6,0,0,0,0,0,0,0,0,0,0,0,0,0,0,0,0,0,0,0,0,0,0,0,0,0,0,0,0,0,0,0,0,0,0,0,0,1,0,0,0,0,0,1,0,0,0,0,1,0,0,0,0,0,0,0,0,0,0,0,0,0,0,1,0,0,1,0,0,0,0,0,0,0,0,0,1,0,1,0,0,0,1,0,1,0,1,1,1,1,0,1,1,1,0,0,0,1,1,1,0,1,0,0,0,0,0,1,1,0,0,1,1,0,0,0,0,0,1,1,0,1,1,1,0,0,1,0,0,1,1,0,0,0,1,1,1,0,1,1,0,0,0,1,0,1,1,0,1,1,1,1,1,0,1,1,1,1,0,1,0,1,1,1,1,1,1,0,1
CHEMBL220_285,34,33,-1,-1,-1,2.1739130434782608,2.776487833232974,2.7451108409443936,5.900753958909654,0.11664923220534461,0.12571682994645525,1.5330401761665153,2.3847154197408873,0.19550831079580933,0.09769579202985715,-0.26577637568364426,-1.004681769519165,7.407843137254902,3.878694181107538,-0.13881874323375942,-0.8099590376007288,0.024621212121212124,0.06333504707742874,3.1641363539866805,8.969645249193253,0.7941176470588235,0.40434491426080943,-1.4547859349066157,0.11640211640211628,2.1739130434782608,2.776487833232974,2.7451108409443936,5.900753958909654,2.0,0.0,0,0,1.9411764705882353,2.400259501541549,3.183059821839765,9.029907745583415,0.0,0.0,0,0,0.025112046738344315,0.0565796105779247,1.966666113598571,2.168145698950771,0.043478260869565216,0.04992546676823092,2.753943988132441,5.9360290424044155,0.043478260869565195,0.020964897354597785,0.1591613785646807,-0.32391117833905003,1.2608695652173914,0.43910891036356847,1.0891622972743424,-0.8137254901960773,-1.1516201434373892,66.0,258.0,0.0,224.0,2046.0,48.0,0.0,0.0,0.0,838.0,1032.0,15960.0,0.0,0.0,0.0,0.0,222.0,0.0,0.0,0.0,48.0,0.0,0.0,0.0,0.0,0.0,0.0,0.0,0.0,0.0,0.0,1,1,0,1,1,1,0,0,0,1,1,1,0,0,0,0,1,0,0,0,1,0,0,0,0,0,0,0,0,0,0,6.375,0.6959705453537527,1.5643042434590073,0.8595213319458899,2.25,0.5951190357119042,-0.14826495007355397,-0.5190311418685121,0.0,0.0,0,0,3.0833333333333335,0.2763853991962833,3.015113445777635,7.090909090909086,0.5,0.5,0.0,-2.0,12.759,1.38798991350802,1.5634407933775134,0.8564194602538322,0.625,0.7534642216677135,1.324158989009499,1.8377240972982065,321.336,71.95,2.6625200000000007,0,2,0,0,0,0,0,0,0,0,0,0,0,0,0,0,0,0,0,0,0,0,0,0,0,0,0,1,0,0,1,0,0,0,0,0,0,0,0,0,0,0,0,0,0,1,0,1,0,0,0,0,0,0,0,0,0,0,0,1,0,0,0,0,0,0,0,0,0,0,0,0,0,0,1,0,0,0,1,1,1,1,0,0,0,1,0,0,0,0,0,0,0,0,1,0,0,1,1,1,0,1,0,1,0,0,0,1,1,0,0,1,1,0,0,1,0,0,0,1,0,1,1,1,0,1,0,1,0,1,0,0,0,1,0,1,0,1,0,1,0,0,0,0,1,1,1,1,1,0,0,0,1,1,1,1,1,0,1,1,1,1,1,1,1,1,1,1,0,0
CHEMBL220_336,38,40,-1,-1,-1,2.5,3.6170890690351176,3.1855154168775335,9.04710130228407,0.10882291916245905,0.1203052855806639,1.7997465111829507,4.574841695264169,0.19727412739045638,0.11465657211210303,-0.19889435605126526,-1.2594051229623084,8.078947368421053,4.798534261179079,-0.09432320095739163,-0.9872103964107537,0.014659396238343605,0.049580224057912535,4.523644779042791,20.174917865751176,0.8157894736842105,0.3876557858593746,-1.6292261599251139,0.6543778801843323,2.5,3.6170890690351176,3.1855154168775335,9.04710130228407,2.0,0.0,0,0,2.1052631578947367,2.9893624886658787,3.9411125992416656,15.31719437813273,0.0,0.0,0,0,0.08020253269618567,0.138683770249073,1.440915252042995,0.7050293780616208,0.04166666666666665,0.055507178023693905,3.256648686501817,9.516531361621135,0.04166666666666668,0.20341823959054636,-2.843514602350442,7.075624094212262,1.4583333333333333,0.49826086429589156,0.1672484020014186,-1.9720279720279719,0.9111829877674575,80.0,428.0,0.0,454.0,5136.0,176.0,0.0,0.0,0.0,2276.0,2934.0,65160.0,0.0,0.0,0.0,0.0,1052.0,0.0,0.0,0.0,420.0,0.0,0.0,0.0,0.0,0.0,0.0,0.0,0.0,0.0,72.0,1,1,0,1,1,1,0,0,0,1,1,1,0,0,0,0,1,0,0,0,1,0,0,0,0,0,0,0,0,0,1,6.361111111111111,0.6730023021992066,1.6075225304180523,1.082378275468776,2.2222222222222223,0.6712803318663652,-0.2947637411460493,-0.8168511915931691,0.0,0.0,0,0,3.1666666666666665,0.3726779962499649,1.7888543819998328,1.2000000000000037,0.5833333333333334,0.4930066485916347,-0.338061701891407,-1.8857142857142852,12.731333333333335,1.34223044055615,1.6065140300720893,1.0785485431327162,0.75,0.7216878364870323,0.4156921938165305,-1.0080000000000002,485.5440000000003,147.69,3.7389700000000037,0,5,0,0,0,0,0,0,0,0,0,0,0,0,0,0,0,0,0,0,0,0,0,0,0,0,0,0,0,0,0,0,0,0,0,0,0,0,0,1,1,0,0,0,0,1,0,0,0,0,0,0,0,0,0,1,0,0,0,1,0,0,0,0,1,0,0,1,0,0,0,0,0,0,0,0,0,1,0,1,1,0,0,0,1,1,1,1,1,0,0,0,1,1,0,0,0,1,1,1,1,0,1,1,0,0,0,1,1,0,0,1,1,1,0,1,0,0,0,1,1,1,1,1,1,0,0,1,0,1,1,1,0,1,1,0,0,0,0,1,1,1,1,0,1,1,1,1,1,1,1,0,1,1,1,1,1,1,1,1,1,1,0,1,1,1,1,1,0,0
CHEMBL220_339,38,36,-1,-1,-1,2.1666666666666665,3.0641293851417064,3.0577460057636747,8.062874199082664,0.10821108692876515,0.12085590651424304,1.973461958207343,5.708892586975882,0.17681791313057219,0.09872576640847873,-0.16794854836709244,-1.1585120599538115,7.451754385964913,4.312645945447511,-0.06801790488061679,-0.9392055429096904,0.017899478425794212,0.05555436115374761,3.735027818089173,13.270965871458152,0.8157894736842105,0.3876557858593746,-1.6292261599251139,0.6543778801843323,2.1666666666666665,3.0641293851417064,3.0577460057636747,8.062874199082664,2.0,0.0,0,0,1.894736842105263,2.542165194891226,3.712297301863634,13.32022791572636,0.0,0.0,0,0,0.026399299478537797,0.08380207939279032,4.784208888002656,23.899169697426608,0.041666666666666664,0.05419253004922419,3.08405275475438,8.148707319807354,0.04166666666666668,0.018765836415577924,1.0541677600470174,1.1904446171554284,1.2916666666666667,0.45452967144315476,0.9166984970282107,-1.159663865546219,-0.6621554385672037,72.0,310.0,0.0,208.0,2970.0,32.0,0.0,0.0,0.0,772.0,1114.0,29184.0,0.0,0.0,0.0,0.0,150.0,0.0,0.0,0.0,12.0,0.0,0.0,0.0,0.0,0.0,0.0,0.0,0.0,0.0,24.0,1,1,0,1,1,1,0,0,0,1,1,1,0,0,0,0,1,0,0,0,1,0,0,0,0,0,0,0,0,0,1,7.0,2.160246899469287,3.4009717950828415,11.383381924198249,2.0952380952380953,0.8109231602822096,0.3604317209435073,-0.38917954815695577,0.0,0.3086066999241838,0.0,7.500000000000002,3.0952380952380953,0.2935435239509036,2.7577641592229627,5.605263157894736,0.5714285714285714,0.4948716593053935,-0.2886751345948126,-1.916666666666667,14.010809523809527,4.330554562739243,3.409134706279134,11.42828299022698,0.5238095238095238,0.5870870479018072,0.6136665601986083,-0.5791204986149578,305.315,115.66000000000003,1.9928000000000001,0,4,0,0,0,0,0,0,0,0,0,0,0,0,0,0,0,0,0,0,0,0,0,0,0,0,1,0,0,0,0,0,0,0,1,1,0,0,0,0,0,0,0,0,0,0,0,0,0,0,0,1,0,1,0,0,0,1,1,0,1,1,1,1,0,1,1,0,0,1,0,1,1,1,0,1,0,0,0,0,1,0,0,1,0,0,1,0,0,0,1,0,0,0,0,0,1,0,0,0,0,0,0,0,1,0,0,0,1,0,0,0,0,0,1,0,0,0,0,1,0,1,0,0,1,0,1,1,0,0,0,0,1,0,0,1,0,1,1,0,0,0,1,0,1,0,0,1,1,0,1,0,0,1,0,0,0,0,1,0,1,1,0,1,1,1,1,1,0,0
CHEMBL220_349,40,37,-1,-1,-1,2.076923076923077,3.1246301556292155,3.3175618648749756,9.854900275482093,0.10406013322787552,0.11904406189557208,2.352006349356044,8.449901316712257,0.17830208476088974,0.09781733708652046,-0.24585748903045646,-1.074341701010401,7.95,4.5315560241488795,-0.12740872873420908,-0.844718972334535,0.01889338731443995,0.061469260981449066,3.6813181633866976,12.957690235654304,0.825,0.3799671038392666,-1.7106744068953987,0.9264069264069255,2.076923076923077,3.1246301556292155,3.3175618648749756,9.854900275482093,2.0,0.0,0,0,1.85,2.6129485260907837,3.9644687452198206,15.465466742626173,0.0,0.0,0,0,0.018396498831281437,0.07879915941340769,5.706843796149174,31.891311548355937,0.03846153846153846,0.05322753056268299,3.3287302357557955,9.833179099975963,0.03846153846153846,0.041011178529613855,3.76634154294243,14.6615863593865,1.2307692307692308,0.42132504423474315,1.278019300845387,-0.3666666666666676,-2.4661117178115153,74.0,336.0,0.0,172.0,3516.0,16.0,0.0,0.0,0.0,580.0,992.0,37920.0,0.0,0.0,0.0,0.0,72.0,0.0,0.0,0.0,0.0,0.0,0.0,0.0,0.0,0.0,0.0,0.0,0.0,0.0,12.0,1,1,0,1,1,1,0,0,0,1,1,1,0,0,0,0,1,0,0,0,0,0,0,0,0,0,0,0,0,0,1,6.5,0.8975274678557507,1.6136284558833471,1.2913198573127227,2.1666666666666665,0.6871842709362768,-0.22826882356360695,-0.8927335640138412,0.0,0.0,0,0,3.0555555555555554,0.4044505494044732,0.4250402356148129,2.881452474190107,0.6666666666666666,0.47140452079103173,-0.7071067811865471,-1.5000000000000004,13.064055555555557,1.9526879045226706,1.8355620544332845,2.371911172622373,0.5,0.6009252125773316,0.7680464255426249,-0.390532544378698,488.4500000000002,119.47000000000001,3.4813000000000023,0,5,0,0,0,0,0,0,0,0,0,0,0,0,0,0,0,0,0,1,0,0,0,0,0,0,0,0,0,0,0,0,0,0,0,0,0,0,0,0,1,0,0,0,1,0,0,0,0,0,0,0,0,0,0,0,0,0,0,0,0,0,0,0,1,0,0,1,0,0,0,0,0,0,0,0,0,1,0,1,0,0,1,0,1,0,1,1,0,1,0,1,0,0,1,0,0,0,0,1,1,0,0,0,0,0,0,0,0,1,0,1,1,0,0,1,0,0,0,1,0,0,1,1,1,0,0,1,1,1,0,0,0,1,0,1,1,1,1,1,0,1,1,0,1,1,1,1,1,0,1,0,1,1,1,1,1,1,1,1,1,1,0,1,1,1,1,1,0,0
CHEMBL220_355,35,35,-1,-1,-1,2.260869565217391,2.800891027548941,2.5928739046526452,5.274664769923056,0.1152430382007364,0.12365464292816578,1.5123537487562224,2.3366936437970383,0.1915602325797044,0.09775844629477942,-0.22943917826576357,-1.1103628043883347,7.423809523809525,3.9547726555858573,-0.10319883781249732,-0.935234939267533,0.02133944486885663,0.056477442259928616,3.1437228453471833,8.709706267297689,0.8,0.4,-1.5,0.24999999999999956,2.260869565217391,2.800891027548941,2.5928739046526452,5.274664769923056,2.0,0.0,0,0,2.0,2.390457218668787,3.0747255975127277,8.5885,0.0,0.0,0,0,0.02999760999218847,0.058421360907030616,1.6436288485581538,1.0879937959045645,0.04347826086956521,0.04913094451093644,2.625408730005567,5.403273151090255,0.043478260869565216,0.038299255154492735,-0.4957101535173482,0.17034460465731804,1.3478260869565217,0.47628048478710105,0.6390096504226936,-1.5916666666666677,0.5019596279626997,70.0,270.0,0.0,276.0,2070.0,56.0,0.0,0.0,0.0,930.0,1310.0,15984.0,0.0,0.0,0.0,0.0,252.0,0.0,0.0,0.0,48.0,0.0,0.0,0.0,0.0,0.0,0.0,0.0,0.0,0.0,36.0,1,1,0,1,1,1,0,0,0,1,1,1,0,0,0,0,1,0,0,0,1,0,0,0,0,0,0,0,0,0,1,6.296296296296297,0.5972042776517446,1.8671998122390816,2.2389940828402297,2.1481481481481484,0.5237828008789241,0.15980613254815879,0.2693999999999992,0.0,0.0,0,0,3.3703703703703702,0.4829038818668629,0.5368754921931602,-1.7117647058823522,0.37037037037037035,0.4829038818668629,0.5368754921931594,-1.7117647058823524,12.602111111111114,1.19117462517228,1.8658484523298013,2.2326247846263447,1.037037037037037,0.8380524814062786,-0.06974393056625103,-1.5727844238281254,368.48100000000017,86.61,3.6621000000000015,0,9,0,0,0,0,0,0,0,0,0,0,0,0,0,0,0,0,0,0,0,0,0,0,0,0,1,0,0,0,0,0,0,0,0,0,0,0,0,0,0,0,0,0,0,0,0,0,0,0,0,0,0,0,0,1,0,0,0,0,0,0,0,0,0,0,0,1,0,0,0,1,0,1,0,0,0,0,0,0,1,1,1,0,1,0,0,0,0,0,0,1,1,1,1,0,1,1,0,1,1,0,1,1,1,0,1,1,0,0,0,0,1,1,0,0,0,0,0,1,1,1,0,1,0,0,1,1,0,0,1,1,0,1,0,1,0,1,0,1,1,1,0,0,1,0,1,1,0,1,0,0,0,1,0,1,1,1,1,0,1,1,0,1,1,1,1,1,0,1
CHEMBL220_367,39,37,-1,-1,-1,2.16,3.170867389217026,3.226035775159492,9.26292766206072,0.10507643725388667,0.1208303272157104,2.0188273762,5.852267213979443,0.18037827632196807,0.10130427512677573,-0.18377931119020563,-1.1801998745007949,7.769230769230771,4.517355797021971,-0.06859831479886523,-0.9253133382429835,0.018090965459386512,0.054916731160592924,3.8562688628590363,14.65830268109022,0.8205128205128205,0.3837597319768145,-1.6703827619526517,0.7901785714285703,2.16,3.170867389217026,3.226035775159492,9.26292766206072,2.0,0.0,0,0,1.8974358974358974,2.638908785696124,3.895082976807184,14.922062252991513,0.0,0.0,0,0,0.01959648257725181,0.04788481986083445,2.180195133808528,3.010084637485016,0.04000000000000001,0.053528607258876225,3.268688530798352,9.561314648424249,0.039999999999999994,0.019264987002696483,0.07701075763491139,-0.44915800910573456,1.24,0.4270831300812524,1.2175615550562024,-0.5175438596491229,-1.3934839754710735,74.0,338.0,0.0,234.0,3516.0,48.0,0.0,0.0,0.0,1042.0,1318.0,37920.0,0.0,0.0,0.0,0.0,258.0,0.0,0.0,0.0,48.0,0.0,0.0,0.0,0.0,0.0,0.0,0.0,0.0,0.0,0.0,1,1,0,1,1,1,0,0,0,1,1,1,0,0,0,0,1,0,0,0,1,0,0,0,0,0,0,0,0,0,0,7.111111111111111,2.7397395568751004,2.9633424568894977,7.41030773891967,2.2222222222222223,0.6849348892187751,-0.31590487272832757,-0.8767313019390577,0.0,0.0,0,0,3.111111111111111,0.3142696805273545,2.4748737341529154,4.124999999999998,0.6666666666666666,0.4714045207910316,-0.7071067811865477,-1.4999999999999996,14.286925925925928,5.6816120946887105,3.007747243236276,7.704767277990323,0.5185185185185185,0.5689737591013784,0.5306853066252226,-0.71207986210859,399.8590000000001,95.08,3.856700000000002,1,5,0,0,0,0,0,0,0,0,0,0,0,0,0,0,0,0,0,0,0,0,0,0,0,0,0,0,0,0,0,0,0,0,0,0,0,0,1,0,1,0,0,0,0,0,0,0,0,0,0,0,0,0,0,1,1,0,0,0,0,0,0,0,0,0,0,1,0,0,0,0,0,0,0,0,0,0,0,1,0,1,1,1,0,1,0,0,0,1,1,0,1,0,1,0,0,1,1,0,0,0,0,1,0,1,1,1,0,1,0,0,1,1,0,0,0,0,0,1,0,0,1,1,0,1,0,1,0,0,0,0,0,1,0,0,1,0,1,1,0,1,0,0,1,0,0,1,1,0,0,0,0,1,0,0,1,1,1,1,1,1,0,1,1,1,1,1,0,0
CHEMBL220_387,41,40,-1,-1,-1,2.2222222222222223,3.467663674294941,3.4367912927936755,10.747481753517537,0.10463023884675275,0.11594290414385221,2.240399287831822,7.652307458464806,0.19095052013259417,0.10709604768302527,-0.2616329932042023,-1.1404767252473624,8.621951219512196,4.965603147748187,-0.16555838999350928,-0.8853613610541204,0.017417135709818638,0.05799019447566919,4.2174631870400505,17.41306730725745,0.8292682926829268,0.37627435659857345,-1.7501500535908443,1.0630252100840352,2.2222222222222223,3.467663674294941,3.4367912927936755,10.747481753517537,2.0,0.0,0,0,1.951219512195122,2.904590307470818,4.133178553305206,16.91029190779949,0.0,0.0,0,0,0.030459016331292235,0.0852670493314516,4.2112683896176994,19.642919191184472,0.037037037037037035,0.053215449069540975,3.4760630912854484,10.978895684002168,0.037037037037037035,0.01906917768906913,-0.23664007330078562,-0.5288106322644381,1.2962962962962963,0.4566232594791834,0.8922178162191942,-1.2039473684210513,-1.4506046743283596,80.0,422.0,0.0,298.0,5136.0,56.0,0.0,0.0,0.0,1358.0,1944.0,65160.0,0.0,0.0,0.0,0.0,326.0,0.0,0.0,0.0,48.0,0.0,0.0,0.0,0.0,0.0,0.0,0.0,0.0,0.0,36.0,1,1,0,1,1,1,0,0,0,1,1,1,0,0,0,0,1,0,0,0,1,0,0,0,0,0,0,0,0,0,1,6.428571428571429,0.766651877999928,1.762456357265458,2.251736111111108,2.2857142857142856,0.612788873986492,-0.2584660066318253,-0.6275992438563329,0.0,0.0,0,0,3.142857142857143,0.3499271061118826,2.041241452319316,2.166666666666668,0.7428571428571429,0.4370588154508102,-1.1113247657830427,-0.7649572649572662,12.894628571428571,1.63100946981072,2.028996714546351,3.8260896535758064,0.5428571428571428,0.6904597699196898,0.8876923435282937,-0.45428316757365295,470.4640000000003,109.91000000000001,3.1605000000000016,0,4,0,0,0,0,0,0,0,0,0,0,0,0,0,0,0,0,0,0,0,0,0,0,0,0,0,0,0,0,0,0,0,0,0,0,0,0,0,0,1,0,0,0,1,0,0,0,0,0,0,0,0,0,1,0,0,0,0,1,0,0,0,0,1,0,0,1,0,0,0,1,0,0,0,0,0,1,0,1,0,1,1,0,0,1,0,1,1,1,0,0,1,0,1,0,1,1,1,1,1,0,1,1,0,0,0,1,0,1,0,0,1,1,0,1,0,0,0,1,1,0,1,1,1,0,1,1,0,1,1,1,1,0,0,0,1,0,1,1,1,0,0,0,1,1,1,1,1,1,1,0,1,1,0,1,1,1,1,0,1,1,0,1,1,1,1,1,0,0
CHEMBL220_394,40,39,-1,-1,-1,2.142857142857143,3.3135467156409146,3.667655375720947,12.57349262724396,0.10502626002239986,0.11819257466400863,2.3186221672396883,8.185075017872409,0.19912060005136745,0.10233434244209576,-0.2910123350719611,-1.0062704355389918,8.940476190476192,4.745745289836895,-0.17746507933760378,-0.6741620497811049,0.023279352226720645,0.06879332270752553,4.1875587221663695,17.713775920759456,0.825,0.3799671038392666,-1.7106744068953987,0.9264069264069255,2.142857142857143,3.3135467156409146,3.667655375720947,12.57349262724396,2.0,0.0,0,0,1.95,2.854382595238417,4.229957960090011,17.94404110090112,0.0,0.0,0,0,0.01950954450954451,0.047275271805932426,2.0792903792914363,2.4594036775457058,0.03571428571428571,0.04988048909881041,3.7032010078280426,12.892078871754668,0.03571428571428571,0.0327996295175871,-1.4222120797258044,2.118449102642421,1.2142857142857142,0.410325903324145,1.3926212476455826,-0.06060606060606011,-0.8095599827404434,78.0,400.0,0.0,252.0,4860.0,48.0,0.0,0.0,0.0,1176.0,1560.0,62280.0,0.0,0.0,0.0,0.0,276.0,0.0,0.0,0.0,48.0,0.0,0.0,0.0,0.0,0.0,0.0,0.0,0.0,0.0,0.0,1,1,0,1,1,1,0,0,0,1,1,1,0,0,0,0,1,0,0,0,1,0,0,0,0,0,0,0,0,0,0,7.027777777777778,2.3272075673923873,3.153235163117361,9.317946945584227,2.2222222222222223,0.7856742013183861,0.27435743110038024,-0.2975999999999992,0.0,0.0,0,0,3.2222222222222223,0.41573970964154905,1.3363062095621212,-0.2142857142857162,0.5833333333333334,0.49300664859163473,-0.33806170189140694,-1.8857142857142855,14.094972222222223,4.691645580095368,3.1053531058780215,9.025161781225194,0.5833333333333334,0.5951190357119043,0.4667600280093362,-0.6666666666666679,528.5870000000001,138.08999999999997,2.8551,2,7,0,0,0,0,0,0,0,0,0,0,0,0,0,0,0,0,0,0,0,0,0,0,0,0,0,0,0,0,0,0,0,0,1,1,0,0,1,0,1,0,0,0,1,0,0,0,0,0,0,0,0,1,0,0,1,1,0,0,1,1,1,1,1,0,1,1,0,1,0,1,0,0,0,1,0,0,0,1,0,1,0,1,0,1,0,0,0,1,1,1,1,0,1,0,1,0,1,0,0,0,0,1,1,0,1,1,1,1,0,0,1,1,1,0,0,0,0,1,0,0,1,1,0,0,1,1,0,1,0,0,1,1,1,0,1,0,1,1,0,0,1,0,1,1,0,1,1,0,1,0,1,1,0,0,1,1,1,0,1,1,0,1,1,1,1,1,0,0
CHEMBL220_407,40,37,-1,-1,-1,2.0,2.84102597162162,3.1772144157535234,8.636150050904535,0.10787628221333072,0.11559717875376468,1.9885000545691858,5.4384017786269485,0.18854987919992722,0.09268008011184006,-0.3539794926440204,-0.8327678187773069,8.4725,4.359360220006805,-0.214997091720583,-0.6749615314851547,0.024898785425101218,0.07197105183064519,3.2170155891592276,9.430240893589357,0.825,0.3799671038392666,-1.7106744068953987,0.9264069264069255,2.0,2.84102597162162,3.1772144157535234,8.636150050904535,2.0,0.0,0,0,1.85,2.46525860712421,3.6167432075171497,12.285680250013495,0.0,0.0,0,0,0.0031163749432274743,0.00996688226043126,3.279613972668808,9.948723340957342,0.03571428571428573,0.04597771426918183,3.176169509330803,8.618510012216191,0.035714285714285705,0.06827228427297702,3.580402783315321,11.794817986279337,1.1428571428571428,0.3499271061118826,2.0412414523193156,2.1666666666666696,-0.2790707090101492,74.0,306.0,0.0,164.0,2778.0,8.0,0.0,0.0,0.0,574.0,850.0,25200.0,0.0,0.0,0.0,0.0,42.0,0.0,0.0,0.0,0.0,0.0,0.0,0.0,0.0,0.0,0.0,0.0,0.0,0.0,0.0,1,1,0,1,1,1,0,0,0,1,1,1,0,0,0,0,1,0,0,0,0,0,0,0,0,0,0,0,0,0,0,9.19047619047619,10.088272529545655,3.8990036908913392,13.959367735860983,2.1904761904761907,0.7939681905015747,-0.3529523724557755,-1.3323068164173704,0.0,0.0,0,0,3.142857142857143,0.34992710611188255,2.0412414523193156,2.1666666666666705,0.7619047619047619,0.4259177099999599,-1.229837387624884,-0.4874999999999998,19.500809523809526,24.561310296633774,3.974160614762989,14.426494484165122,0.3333333333333333,0.4714045207910316,0.7071067811865481,-1.4999999999999987,416.573,50.44,4.5627,0,1,0,0,0,0,0,0,0,0,0,0,0,0,0,0,0,0,0,0,0,0,0,0,0,0,0,0,0,1,0,0,0,0,0,0,0,0,0,0,0,0,0,0,1,0,0,0,0,0,0,0,0,0,0,0,0,0,0,1,0,0,0,0,1,0,0,0,0,0,0,0,0,0,1,0,0,0,0,0,0,0,0,0,0,0,0,0,0,1,0,1,0,0,0,0,0,0,0,0,1,0,0,1,0,1,0,1,0,1,0,0,0,0,0,1,0,0,0,0,0,0,0,0,0,0,0,1,0,1,0,0,0,0,0,0,1,0,0,1,0,1,0,0,0,1,1,1,1,0,0,0,1,0,1,0,1,0,0,1,0,1,0,0,1,1,1,1,0,1
CHEMBL220_414,35,34,-1,-1,-1,2.1666666666666665,2.7335365778094545,2.762511060682546,6.109782894100409,0.11761099788162256,0.12140461996447066,1.5523850510579518,2.644745107328492,0.19429992405841295,0.0956546487794505,-0.31054190042833824,-0.9116970851322321,7.631428571428572,3.9398287196445554,-0.19631068278191569,-0.7673550443404697,0.025413801884390116,0.06619685444258194,3.2014853391555853,9.304999550892413,0.8,0.4,-1.5,0.24999999999999956,2.1666666666666665,2.7335365778094545,2.762511060682546,6.109782894100409,2.0,0.0,0,0,1.9428571428571428,2.377788373892935,3.1792418776236233,9.127089359908789,0.0,0.0,0,0,0.021059667251765803,0.04611247731922937,2.265647122067775,4.681969313841558,0.041666666666666664,0.04780559085331824,2.793545499503659,6.237525127901346,0.041666666666666664,0.10547837228736957,2.8563108714629615,6.420761570786103,1.2916666666666667,0.45452967144315476,0.9166984970282107,-1.159663865546219,-2.162542743899426,68.0,262.0,0.0,212.0,2052.0,32.0,0.0,0.0,0.0,728.0,950.0,15960.0,0.0,0.0,0.0,0.0,134.0,0.0,0.0,0.0,12.0,0.0,0.0,0.0,0.0,0.0,0.0,0.0,0.0,0.0,24.0,1,1,0,1,1,1,0,0,0,1,1,1,0,0,0,0,1,0,0,0,1,0,0,0,0,0,0,0,0,0,1,6.166666666666667,0.4714045207910317,2.872621298570347,7.359374999999993,2.25,0.4330127018922193,1.1547005383792515,-0.6666666666666665,0.0,0.0,0,0,3.375,0.4841229182759271,0.5163977794943223,-1.7333333333333334,0.625,0.4841229182759271,-0.5163977794943223,-1.7333333333333334,12.3435,0.9402753586051272,2.871051685997526,7.348276233060535,1.0,0.7637626158259734,0.0,-1.285714285714286,320.4360000000001,29.270000000000003,4.6726000000000045,0,5,0,0,0,0,0,0,0,0,0,0,0,0,0,0,0,0,0,0,0,0,0,0,0,0,0,0,0,0,0,0,0,0,0,0,0,0,0,0,0,0,0,0,0,0,0,0,0,0,0,0,0,0,0,0,0,0,0,1,0,0,0,0,0,0,0,1,0,0,0,0,0,1,0,0,0,1,0,0,0,0,0,0,0,1,0,1,1,0,0,0,0,0,0,0,1,0,1,1,1,0,1,1,1,0,0,1,0,0,0,0,0,1,0,0,0,0,0,0,1,0,1,1,1,0,1,1,0,0,1,1,0,0,0,0,0,0,0,1,1,0,0,0,1,0,0,1,0,1,1,0,0,0,1,1,0,1,1,0,1,0,0,1,1,1,1,1,0,1
