CHEMBL1914_0,23,145,17,123,38,91,96,83,19,85,82,132,90,97,59,116,93,98,115,126,147,148,150,160,161,157,159,155,154,153,158,152,151,149,166,163,162,165,164,128,129,130,131,133,134,135,136,140,137,138,139,142,141,143,144,156,146,114,113,112,110,109,108,104,105,118,111,107,121,120,124,99,102,101,100,103,106,92,95,88,89,94,87,84,86,81,80,79,78,77,76,75,74,73,72,71,70,69,119,117,122,125,127,64,65,66,67,68,60,61,63,55,54,53,52,51,58,57,62,48,47,45,46,43,42,41,44,40,39,37,36,35,50,49,56,32,33,34,31,27,30,29,28,24,25,26,22,20,21,18,16,15,14,13,12,11,10,9,8,7,6,5,4,3,2,1,0,
CHEMBL1914_2,23,17,114,123,62,106,149,77,121,156,83,93,120,133,115,132,60,109,148,150,131,95,160,144,161,162,163,164,165,166,155,152,153,154,151,147,159,158,157,128,129,130,135,134,138,137,136,140,141,142,139,143,146,145,118,112,113,110,111,108,107,105,104,103,102,101,100,122,126,119,125,96,97,98,99,91,90,89,94,88,87,85,86,84,82,81,92,80,79,78,76,75,74,73,72,71,70,69,68,116,117,124,127,64,65,66,67,59,58,63,61,55,54,53,52,51,50,57,56,47,46,45,44,43,42,41,40,39,38,37,36,35,34,49,48,32,33,31,30,27,26,29,28,24,25,21,22,20,19,18,16,15,14,13,12,11,10,9,8,7,6,5,4,3,2,1,0,
CHEMBL1914_15,34,117,120,91,54,82,99,47,62,148,113,143,83,81,80,73,154,160,161,147,146,145,158,144,142,162,157,156,155,153,159,152,151,150,149,163,166,165,164,128,129,130,131,132,133,134,135,136,137,138,139,140,141,121,122,112,111,109,110,107,106,105,108,104,103,118,119,124,123,125,127,96,97,98,100,102,101,93,95,88,89,90,92,84,85,86,94,87,79,77,78,76,75,74,72,71,70,69,68,116,115,114,126,64,65,66,67,59,58,61,63,56,55,53,52,51,50,57,60,48,49,45,46,43,42,41,44,40,39,37,38,36,35,33,32,31,30,29,28,27,26,25,24,23,22,21,20,19,18,17,16,15,14,13,12,11,10,9,8,7,6,5,4,3,2,1,0,
CHEMBL1914_30,141,74,54,139,38,115,112,121,143,92,86,146,137,144,118,95,120,133,128,96,104,149,162,145,147,150,161,164,165,166,163,160,153,152,159,155,158,157,156,129,130,131,132,135,134,138,136,142,140,154,151,148,122,123,119,113,114,109,111,108,107,106,110,105,103,101,102,116,117,125,124,97,98,99,100,91,90,89,94,88,87,85,84,83,82,81,93,80,79,77,78,76,75,73,72,71,70,69,68,67,66,127,126,64,65,61,63,59,58,57,62,56,55,53,52,51,50,49,60,48,47,45,46,43,42,41,44,40,39,37,36,35,34,33,32,31,30,29,28,27,26,25,24,23,22,21,20,19,18,17,16,15,14,13,12,11,10,9,8,7,6,5,4,3,2,1,0,
CHEMBL1914_34,23,141,88,111,77,142,133,65,126,123,143,129,81,59,113,85,87,74,162,160,161,153,152,144,145,146,163,164,159,157,158,151,150,149,156,155,154,165,166,128,130,131,132,135,134,137,136,140,139,138,148,147,122,124,120,112,110,109,108,107,106,105,104,103,119,117,118,116,115,121,125,96,97,98,99,100,101,102,92,89,90,91,86,84,95,93,94,80,82,83,78,76,75,73,79,72,71,69,70,68,67,114,127,64,66,61,63,60,58,57,62,55,54,53,52,51,50,49,56,47,46,45,44,43,42,41,40,39,38,37,36,35,34,33,48,32,31,29,30,27,26,25,28,24,22,21,20,19,18,17,16,15,14,13,12,11,10,9,8,7,6,5,4,3,2,1,0,
CHEMBL1914_36,148,54,104,141,120,74,135,91,38,137,139,133,113,143,122,82,155,85,114,164,160,162,161,144,145,146,147,149,165,166,163,152,151,157,159,156,154,153,158,128,129,130,131,132,134,138,136,142,140,150,123,121,124,119,118,112,111,109,110,108,107,106,105,103,102,101,100,116,117,127,125,96,97,98,99,92,90,93,95,88,89,86,87,84,83,81,94,80,79,77,78,76,75,73,72,71,70,69,68,67,66,115,126,64,65,61,63,59,58,57,62,56,55,53,52,51,50,49,60,48,47,45,46,43,42,41,44,40,39,37,36,35,34,33,32,31,30,29,28,27,26,25,24,23,22,21,20,19,18,17,16,15,14,13,12,11,10,9,8,7,6,5,4,3,2,1,0,
CHEMBL1914_44,50,76,149,111,66,151,74,77,53,116,146,141,100,109,82,112,117,143,140,152,138,162,160,144,145,147,161,164,165,166,163,153,154,155,150,156,159,157,158,128,129,130,131,132,133,134,135,136,137,139,142,148,121,120,122,113,114,115,110,107,106,105,108,104,103,102,118,119,126,123,127,96,97,98,99,101,95,93,94,88,87,85,86,91,90,89,92,80,81,83,84,79,75,73,78,72,71,69,70,68,67,125,124,64,65,63,62,59,58,61,60,56,57,54,55,52,51,49,48,47,46,45,44,43,42,41,40,39,38,37,36,35,34,33,32,31,30,29,28,27,26,25,24,23,22,21,20,19,18,17,16,15,14,13,12,11,10,9,8,7,6,5,4,3,2,1,0,
CHEMBL1914_50,77,108,141,94,52,154,133,129,98,95,92,155,126,144,57,159,151,74,85,80,96,124,116,86,160,162,161,164,165,166,163,152,153,149,150,148,157,156,158,128,130,131,132,135,134,137,136,140,142,138,139,143,147,146,145,112,113,114,111,107,106,110,109,120,119,118,117,115,122,123,127,97,99,101,100,102,103,105,104,88,89,90,87,84,83,91,93,81,82,78,79,76,75,73,72,71,70,69,68,67,66,121,125,64,65,61,63,60,59,58,62,56,55,54,53,51,50,49,48,47,46,45,44,43,42,41,40,39,38,37,36,35,34,33,32,31,30,29,28,27,26,25,24,23,22,21,20,19,18,17,16,15,14,13,12,11,10,9,8,7,6,5,4,3,2,1,0,
CHEMBL1914_52,74,37,116,134,62,152,65,85,87,149,127,143,108,105,131,132,113,157,148,97,155,150,103,96,107,83,162,164,165,166,163,160,161,158,151,153,154,156,159,128,129,130,133,135,138,137,136,140,141,142,139,147,146,145,144,112,114,115,117,119,118,109,111,104,106,110,126,123,122,120,121,99,98,101,100,102,94,91,95,88,89,90,86,84,82,93,92,80,81,77,79,76,75,73,78,72,71,69,70,68,67,125,124,64,66,61,63,59,58,57,60,55,54,53,52,51,50,49,56,48,47,45,46,43,42,41,44,40,39,38,36,35,34,33,32,31,30,29,28,27,26,25,24,23,22,21,20,19,18,17,16,15,14,13,12,11,10,9,8,7,6,5,4,3,2,1,0,
CHEMBL1914_57,157,74,52,38,135,79,62,124,143,90,126,93,82,107,73,91,85,88,110,94,34,96,134,149,127,83,162,160,161,158,159,152,151,150,163,164,155,165,166,128,129,130,131,132,133,137,136,140,141,138,139,142,146,145,144,156,153,154,147,148,112,114,109,119,118,117,116,108,113,123,125,97,98,99,100,102,101,103,104,111,105,106,89,84,92,95,87,80,81,86,78,76,77,75,72,71,70,69,68,115,122,121,120,64,65,66,67,59,58,61,63,56,55,54,53,51,50,57,60,48,49,47,46,43,42,45,44,40,41,37,39,36,35,33,32,31,30,29,28,27,26,25,24,23,22,21,20,19,18,17,16,15,14,13,12,11,10,9,8,7,6,5,4,3,2,1,0,
CHEMBL1914_87,74,141,23,108,116,126,132,123,62,98,85,80,157,145,57,124,146,130,114,154,82,104,160,144,161,162,163,164,165,166,156,152,153,151,150,148,155,158,159,128,129,131,133,135,134,137,136,140,142,138,139,143,149,147,120,112,113,115,110,109,107,106,111,105,103,101,102,117,121,118,119,96,97,99,100,91,94,93,95,88,89,90,87,84,86,83,92,81,79,77,78,76,75,73,72,71,70,69,68,67,122,125,127,64,65,66,61,60,59,58,63,55,54,53,52,51,50,49,56,47,46,45,44,43,42,41,40,39,38,37,36,35,34,33,48,32,31,29,30,27,26,25,28,24,22,21,20,19,18,17,16,15,14,13,12,11,10,9,8,7,6,5,4,3,2,1,0,
CHEMBL1914_89,108,70,23,109,135,116,114,143,82,123,104,91,47,136,62,146,126,38,52,85,94,107,154,160,161,162,163,155,159,157,158,152,151,149,150,148,166,165,164,128,129,130,131,132,133,134,137,142,138,139,140,141,147,145,144,156,153,115,113,112,110,106,105,103,102,101,117,111,120,118,121,96,97,98,99,100,92,93,90,88,89,86,87,84,83,81,95,80,79,77,78,75,74,73,76,72,71,69,119,124,122,125,127,64,65,66,67,68,59,61,58,56,55,54,53,51,50,57,63,48,49,45,46,43,42,41,44,40,39,37,36,35,34,33,60,32,31,29,30,27,26,25,28,24,22,21,20,19,18,17,16,15,14,13,12,11,10,9,8,7,6,5,4,3,2,1,0,
CHEMBL1914_115,33,60,53,64,61,102,114,157,130,110,58,51,62,143,155,160,161,162,159,147,146,153,152,144,145,141,142,139,154,158,156,151,150,149,148,163,166,165,164,128,129,131,132,134,133,135,136,140,137,138,120,123,122,125,127,112,113,109,111,107,106,105,108,104,119,117,118,116,115,121,126,96,95,93,94,91,90,89,92,87,86,85,84,83,82,81,88,80,79,77,78,75,74,73,76,72,103,101,100,99,98,97,124,65,66,67,68,70,69,71,63,56,57,54,55,52,50,49,59,48,47,45,46,43,42,41,44,40,39,37,38,36,35,34,32,31,30,29,28,27,26,25,24,23,22,21,20,19,18,17,16,15,14,13,12,11,10,9,8,7,6,5,4,3,2,1,0,
CHEMBL1914_119,130,43,114,37,38,143,144,153,25,62,157,138,79,109,94,127,135,131,128,113,129,124,162,145,146,147,148,164,165,166,163,160,161,152,158,156,155,154,159,133,134,132,142,140,139,137,136,141,151,149,150,120,121,119,123,112,111,110,108,107,106,105,104,103,102,101,118,116,117,126,122,96,97,93,95,91,90,89,92,87,86,85,84,83,82,81,88,80,78,77,76,75,74,73,72,71,70,69,100,99,98,115,125,64,65,66,67,68,59,61,63,55,54,53,52,51,58,57,60,48,49,50,47,44,42,45,46,40,41,39,36,35,34,33,56,32,31,29,30,28,27,26,24,23,22,21,20,19,18,17,16,15,14,13,12,11,10,9,8,7,6,5,4,3,2,1,0,
CHEMBL1914_142,142,114,156,133,108,120,137,98,72,121,116,122,135,105,127,143,59,93,60,112,107,83,52,132,160,162,161,164,165,166,163,151,150,158,157,155,154,153,159,128,129,130,131,134,139,138,136,141,140,149,148,147,146,145,144,152,113,118,117,109,115,106,111,104,103,101,102,100,110,123,119,96,97,99,94,91,90,89,95,88,87,85,86,84,82,81,92,80,79,77,78,76,75,74,73,71,70,69,68,67,126,125,124,64,65,66,62,61,58,57,63,56,55,54,53,51,50,49,48,47,46,45,44,43,42,41,40,39,38,37,36,35,34,33,32,31,30,29,28,27,26,25,24,23,22,21,20,19,18,17,16,15,14,13,12,11,10,9,8,7,6,5,4,3,2,1,0,
CHEMBL1914_145,38,114,43,37,62,152,57,106,23,140,143,87,154,42,135,79,153,133,160,164,161,162,163,144,145,146,147,139,165,166,159,151,150,149,148,156,157,158,155,128,129,130,131,132,134,137,136,141,142,138,120,123,122,125,127,112,111,109,110,108,107,105,104,103,119,117,118,116,115,121,126,96,97,93,95,91,90,89,94,88,86,85,84,83,82,81,92,80,78,77,76,75,74,73,72,71,102,101,100,99,98,113,124,64,65,66,67,68,69,70,61,55,54,53,52,60,59,58,63,48,49,50,51,44,45,47,46,40,41,39,36,35,34,33,56,32,31,29,30,27,26,25,28,24,22,21,20,19,18,17,16,15,14,13,12,11,10,9,8,7,6,5,4,3,2,1,0,
CHEMBL1914_166,108,117,133,116,52,93,112,110,113,42,143,85,80,155,82,38,135,134,149,94,86,160,158,144,161,162,163,164,165,157,159,152,151,150,148,156,154,153,166,128,129,130,131,132,138,137,136,140,141,142,139,147,146,145,120,115,114,111,109,107,106,105,104,103,102,122,123,119,121,127,126,96,97,98,99,100,101,95,92,88,89,90,91,84,87,83,81,79,78,77,76,75,74,73,72,71,70,69,68,67,118,125,124,64,65,66,63,59,58,61,62,56,55,54,53,51,50,57,60,48,49,45,47,44,43,41,46,40,39,37,36,35,34,33,32,31,30,29,28,27,26,25,24,23,22,21,20,19,18,17,16,15,14,13,12,11,10,9,8,7,6,5,4,3,2,1,0,
CHEMBL1914_168,63,24,70,49,71,93,56,102,95,138,79,124,134,128,89,139,130,162,163,160,161,153,152,144,145,146,147,164,159,157,158,151,150,149,156,155,154,165,166,129,131,133,132,135,141,137,136,142,143,140,148,119,118,126,127,112,111,109,110,107,106,105,108,104,103,117,116,123,122,121,125,96,97,98,99,100,101,92,94,87,86,85,84,83,91,90,88,80,81,82,78,75,74,77,76,72,73,69,68,115,114,113,120,64,65,66,67,60,59,58,61,57,55,53,54,52,51,50,62,47,46,45,44,43,42,41,40,39,38,37,36,35,34,33,48,32,31,29,30,28,27,26,25,23,22,21,20,19,18,17,16,15,14,13,12,11,10,9,8,7,6,5,4,3,2,1,0,
CHEMBL1914_180,81,64,88,140,59,77,99,123,37,57,142,106,132,93,97,151,128,80,162,160,161,153,156,144,145,146,163,164,159,157,158,152,150,149,148,155,154,165,166,129,130,131,133,135,134,137,136,141,143,138,139,147,124,119,118,112,113,114,111,108,107,109,110,104,105,117,116,115,127,125,126,96,98,101,100,102,103,92,91,89,90,87,86,84,85,94,95,83,82,78,79,75,74,73,76,72,71,69,70,68,122,121,120,65,66,67,63,60,61,58,62,55,54,53,52,51,50,49,56,48,47,45,46,43,42,41,44,40,39,38,36,35,34,33,32,31,30,29,28,27,26,25,24,23,22,21,20,19,18,17,16,15,14,13,12,11,10,9,8,7,6,5,4,3,2,1,0,
CHEMBL1914_192,25,38,46,111,101,128,80,157,108,126,123,144,77,127,90,106,53,112,129,118,135,109,153,160,161,162,163,164,155,158,159,152,151,149,150,148,154,165,166,131,130,133,132,134,138,137,136,140,141,142,139,143,147,146,145,156,114,115,116,113,110,105,107,104,103,102,100,119,120,117,121,96,97,98,93,92,91,89,95,88,87,85,86,84,83,82,94,81,79,78,76,75,74,73,72,71,70,69,68,99,122,124,125,64,65,66,67,59,58,61,63,56,55,54,52,51,50,57,62,48,49,45,47,43,42,41,44,40,39,37,36,35,34,33,60,32,31,29,30,28,27,26,24,23,22,21,20,19,18,17,16,15,14,13,12,11,10,9,8,7,6,5,4,3,2,1,0,
CHEMBL1914_202,100,107,83,93,38,123,103,104,140,129,87,92,95,113,135,94,105,85,71,153,132,134,138,89,77,160,161,164,165,162,163,151,150,157,158,156,155,166,159,128,130,131,133,141,139,137,136,143,142,149,148,147,146,145,144,152,154,112,114,118,109,115,116,120,119,117,127,124,122,121,125,96,97,98,99,101,102,110,106,111,108,88,90,84,82,91,86,80,81,78,79,75,74,73,76,72,70,69,68,67,66,65,126,64,63,61,62,59,58,57,60,55,54,53,52,51,50,49,56,48,47,45,46,43,42,41,44,40,39,37,36,35,34,33,32,31,30,29,28,27,26,25,24,23,22,21,20,19,18,17,16,15,14,13,12,11,10,9,8,7,6,5,4,3,2,1,0,
CHEMBL1914_212,28,72,142,117,66,140,97,116,123,146,154,112,99,108,101,95,89,98,152,110,38,83,155,160,161,162,163,164,157,156,159,153,151,149,150,148,147,165,166,128,129,130,131,132,133,134,135,136,137,138,139,141,143,145,144,158,114,113,119,118,122,115,109,104,105,106,121,124,127,111,120,96,103,102,100,107,91,92,93,88,87,85,86,84,82,90,94,80,81,77,79,76,75,74,78,73,71,69,70,68,67,125,126,64,65,61,63,59,58,57,62,55,54,53,52,51,50,49,60,48,47,45,46,43,42,41,44,40,39,37,36,35,34,33,56,32,31,30,29,27,26,25,24,23,22,21,20,19,18,17,16,15,14,13,12,11,10,9,8,7,6,5,4,3,2,1,0,
CHEMBL1914_252,82,133,93,91,104,49,135,53,38,52,87,140,101,132,120,136,42,83,80,131,62,134,88,110,157,75,107,160,166,161,162,151,159,158,156,155,165,163,164,128,129,130,143,141,139,138,137,142,150,149,148,147,146,145,144,152,153,154,113,112,109,106,111,119,118,114,115,108,127,125,126,96,97,98,99,100,102,103,105,89,90,94,92,84,85,86,95,81,79,77,78,76,74,73,72,71,70,117,116,124,123,122,121,64,65,66,67,68,69,59,63,56,57,58,54,55,51,61,60,48,50,45,47,44,43,41,46,40,39,37,36,35,34,33,32,31,30,29,28,27,26,25,24,23,22,21,20,19,18,17,16,15,14,13,12,11,10,9,8,7,6,5,4,3,2,1,0,
CHEMBL1914_265,104,23,148,123,82,97,93,91,107,53,38,153,143,103,87,128,89,122,83,117,152,80,129,90,101,160,163,164,161,162,159,155,151,150,149,147,165,156,166,131,130,133,132,134,135,137,136,140,141,138,139,142,146,145,144,158,154,157,112,116,113,114,115,120,119,118,127,124,108,111,110,96,98,99,100,102,109,106,105,88,95,94,92,84,85,86,81,79,78,77,76,75,74,73,72,71,70,69,68,67,125,121,126,64,65,66,61,59,58,57,63,56,55,54,52,51,50,49,62,48,47,45,46,43,42,41,44,40,39,37,36,35,34,33,60,32,31,29,30,27,26,25,28,24,22,21,20,19,18,17,16,15,14,13,12,11,10,9,8,7,6,5,4,3,2,1,0,
CHEMBL1914_267,79,93,133,80,140,97,155,53,92,38,111,56,91,36,57,85,150,110,94,117,62,104,96,152,77,154,156,138,135,101,162,160,151,149,161,164,165,166,163,128,129,130,131,132,134,137,136,143,142,139,141,147,146,145,144,158,159,157,153,148,113,112,109,120,119,114,115,116,118,108,127,99,98,102,100,103,107,106,105,88,89,86,87,84,83,95,90,81,82,78,76,75,74,73,72,71,70,125,126,123,122,121,124,64,65,66,67,68,69,60,61,59,55,54,52,51,50,58,63,48,49,47,46,43,42,45,44,40,41,39,37,35,34,33,32,31,30,29,28,27,26,25,24,23,22,21,20,19,18,17,16,15,14,13,12,11,10,9,8,7,6,5,4,3,2,1,0,
CHEMBL1914_273,25,57,154,84,143,62,127,126,108,151,47,94,133,155,80,138,79,116,163,160,161,162,158,144,145,146,141,164,165,156,159,152,150,149,148,147,157,153,166,128,129,130,131,132,134,135,136,142,137,139,140,120,119,118,117,112,111,110,109,107,106,105,104,103,102,101,100,123,122,121,125,96,97,98,99,91,90,93,95,88,89,86,87,85,83,82,92,81,78,77,76,75,74,73,72,71,70,69,68,115,114,113,124,64,65,66,67,60,59,58,61,55,54,53,52,51,50,49,63,48,46,45,44,43,42,41,40,39,38,37,36,35,34,33,56,32,31,29,30,28,27,26,24,23,22,21,20,19,18,17,16,15,14,13,12,11,10,9,8,7,6,5,4,3,2,1,0,
CHEMBL1914_275,49,77,83,153,159,80,89,117,93,122,139,100,90,85,61,133,97,96,138,86,106,144,107,118,95,92,163,160,161,162,157,152,151,149,150,164,165,156,166,128,129,130,131,132,134,135,136,142,137,141,140,143,147,146,145,158,154,155,148,116,108,112,113,120,121,119,127,124,123,114,115,99,98,102,101,103,109,105,104,110,111,94,88,84,87,82,91,81,79,78,76,75,74,73,72,71,70,69,68,67,66,125,126,64,65,62,63,59,58,57,60,56,55,53,54,52,51,50,48,47,46,45,44,43,42,41,40,39,38,37,36,35,34,33,32,31,30,29,28,27,26,25,24,23,22,21,20,19,18,17,16,15,14,13,12,11,10,9,8,7,6,5,4,3,2,1,0,
CHEMBL1914_286,59,73,119,67,130,55,32,60,107,88,78,51,58,33,87,157,147,62,80,148,146,145,156,160,161,162,158,155,154,153,159,152,151,149,150,163,166,165,164,128,129,131,132,134,133,135,136,140,137,138,139,142,141,143,144,112,111,109,110,108,106,105,104,120,118,125,127,123,122,121,126,96,97,98,99,100,101,92,95,89,90,85,86,84,91,93,94,81,82,83,77,76,75,74,79,103,102,117,116,115,114,113,124,64,65,66,68,70,69,71,72,56,57,53,54,52,50,61,63,48,49,47,46,43,42,45,44,40,41,39,38,36,37,34,35,31,30,29,28,27,26,25,24,23,22,21,20,19,18,17,16,15,14,13,12,11,10,9,8,7,6,5,4,3,2,1,0,
CHEMBL1914_289,111,38,128,62,138,100,42,57,152,148,107,82,153,157,144,85,90,104,96,122,118,134,106,145,160,162,161,164,165,166,163,155,154,150,151,149,158,156,159,129,130,131,132,135,133,137,136,142,141,139,140,143,147,146,120,112,113,114,115,116,117,108,109,105,110,102,103,124,119,125,127,97,98,99,95,92,91,93,94,88,89,86,87,84,83,81,80,79,78,77,76,75,74,73,72,71,70,69,68,101,123,121,126,64,65,66,67,60,59,61,63,55,54,53,52,51,50,58,56,48,49,45,47,44,43,41,46,40,39,37,36,35,34,33,32,31,30,29,28,27,26,25,24,23,22,21,20,19,18,17,16,15,14,13,12,11,10,9,8,7,6,5,4,3,2,1,0,
CHEMBL1914_312,130,124,70,91,105,154,134,52,57,90,99,140,101,93,94,110,128,98,131,86,85,146,87,160,161,162,163,164,165,166,157,152,151,149,159,156,155,153,158,129,135,133,132,139,138,137,136,141,142,143,150,148,147,145,144,112,113,114,115,116,108,109,111,119,118,117,125,123,122,126,127,96,97,102,100,103,107,106,104,88,89,95,84,83,82,81,92,80,79,77,78,75,74,73,76,72,71,69,68,67,66,121,120,64,65,61,63,60,59,58,62,56,55,54,53,51,50,49,48,47,46,45,44,43,42,41,40,39,38,37,36,35,34,33,32,31,30,29,28,27,26,25,24,23,22,21,20,19,18,17,16,15,14,13,12,11,10,9,8,7,6,5,4,3,2,1,0,
CHEMBL1914_315,100,62,38,155,153,96,134,42,53,111,117,121,85,105,137,118,149,101,162,160,161,154,158,144,145,141,163,164,157,156,159,152,151,150,148,147,146,165,166,128,129,130,131,132,133,135,136,142,138,139,140,143,120,119,122,112,113,114,115,116,108,109,110,104,106,107,102,124,123,125,127,97,95,93,94,91,90,89,92,88,87,86,84,83,82,81,80,79,78,77,76,75,74,73,72,71,70,69,68,103,99,98,126,64,65,66,67,59,58,61,63,56,55,54,52,51,50,57,60,48,49,45,47,44,43,41,46,40,39,37,36,35,34,33,32,31,30,29,28,27,26,25,24,23,22,21,20,19,18,17,16,15,14,13,12,11,10,9,8,7,6,5,4,3,2,1,0,
CHEMBL1914_332,78,119,43,37,95,96,83,81,90,148,133,38,82,144,117,91,106,34,65,62,87,66,120,89,84,122,80,160,154,157,158,161,162,163,159,155,164,165,166,128,129,130,131,132,134,135,136,140,137,138,139,142,141,143,145,156,146,147,149,151,150,153,152,121,123,118,109,112,113,124,125,97,98,99,100,102,101,103,104,110,105,107,108,111,88,93,92,86,85,94,79,75,74,77,76,72,73,71,116,115,114,127,126,64,67,69,68,70,63,61,60,55,54,53,52,59,58,57,56,48,49,50,51,44,47,45,46,40,41,42,39,36,35,33,32,31,30,29,28,27,26,25,24,23,22,21,20,19,18,17,16,15,14,13,12,11,10,9,8,7,6,5,4,3,2,1,0,
CHEMBL1914_335,84,47,22,97,79,105,36,83,33,90,129,53,60,152,73,87,147,81,88,131,85,95,101,128,89,111,92,160,161,157,159,153,151,162,163,164,156,165,166,130,134,133,132,135,138,137,136,140,141,142,139,143,146,145,144,158,154,155,148,150,149,112,113,119,118,114,115,127,126,125,124,96,98,99,100,103,102,106,104,110,109,107,108,91,86,94,93,80,82,77,78,76,75,74,72,71,70,117,116,123,122,121,120,64,65,66,67,68,69,62,59,56,55,54,52,51,58,57,63,48,49,50,46,43,42,45,44,40,41,38,39,37,35,34,61,32,31,29,30,27,26,25,28,24,23,21,20,19,18,17,16,15,14,13,12,11,10,9,8,7,6,5,4,3,2,1,0,
CHEMBL1914_336,22,84,87,97,105,108,136,91,101,47,122,134,89,60,144,145,128,157,37,107,100,86,36,126,94,146,129,81,160,162,161,152,153,154,151,164,165,166,163,131,130,133,132,135,139,138,137,142,141,143,140,148,149,150,147,156,158,159,155,112,113,114,111,104,118,125,115,116,117,109,119,96,98,99,103,102,110,106,95,88,90,93,92,85,83,82,80,79,78,77,76,75,74,73,72,71,70,69,127,124,123,121,120,64,65,66,67,68,59,62,63,55,54,53,52,51,58,57,61,48,49,50,46,43,42,45,44,40,41,38,39,35,34,33,56,32,31,29,30,27,26,25,28,24,23,21,20,19,18,17,16,15,14,13,12,11,10,9,8,7,6,5,4,3,2,1,0,
CHEMBL1914_349,19,148,154,90,84,77,144,153,160,138,127,150,159,146,73,85,52,152,69,87,94,134,92,145,147,141,143,166,165,163,164,161,162,155,158,149,151,157,156,128,129,130,131,132,133,135,136,142,137,139,140,123,122,125,126,111,110,109,108,107,106,105,120,119,118,117,116,115,114,121,124,96,97,98,99,100,101,102,103,104,88,91,86,83,89,93,95,80,81,82,78,76,75,74,79,72,71,70,68,67,66,113,112,64,65,61,63,59,58,57,62,56,55,54,53,51,50,49,60,47,46,45,44,43,42,41,40,39,38,37,36,35,34,33,48,32,31,29,30,27,26,25,28,24,23,21,22,20,18,17,16,15,14,13,12,11,10,9,8,7,6,5,4,3,2,1,0,
CHEMBL1914_353,84,120,117,121,137,98,154,105,148,80,159,57,53,96,122,160,129,103,164,161,162,163,158,144,145,141,143,166,155,156,157,152,151,150,149,147,146,153,165,128,130,131,132,134,133,135,136,142,138,139,140,124,125,123,119,112,113,114,115,108,111,109,110,104,106,107,102,100,101,118,116,97,99,95,94,91,90,93,92,88,89,86,87,85,83,82,81,79,78,77,76,75,74,73,72,71,70,69,68,67,66,126,127,64,65,61,63,60,59,58,62,56,55,54,52,51,50,49,48,47,46,45,44,43,42,41,40,39,38,37,36,35,34,33,32,31,30,29,28,27,26,25,24,23,22,21,20,19,18,17,16,15,14,13,12,11,10,9,8,7,6,5,4,3,2,1,0,
CHEMBL1914_364,127,159,83,146,128,143,82,89,135,129,154,104,96,157,91,62,110,103,95,112,144,94,122,79,57,148,101,86,165,164,162,160,161,155,151,152,153,166,163,131,130,133,132,134,138,137,136,140,141,142,139,149,150,147,145,158,156,113,114,118,108,115,116,120,119,117,125,124,123,109,111,97,98,99,100,102,107,106,105,88,90,93,87,84,85,81,92,80,78,77,76,75,74,73,72,71,70,69,68,67,66,121,126,64,65,61,63,60,59,58,56,55,54,53,52,51,50,49,48,47,46,45,44,43,42,41,40,39,38,37,36,35,34,33,32,31,30,29,28,27,26,25,24,23,22,21,20,19,18,17,16,15,14,13,12,11,10,9,8,7,6,5,4,3,2,1,0,
CHEMBL1914_374,135,157,49,144,96,111,77,82,95,57,143,80,86,81,91,128,133,140,134,129,164,83,130,85,103,132,127,101,166,165,163,160,161,162,158,155,154,153,159,131,138,142,141,139,136,137,156,152,151,149,150,148,147,146,145,112,113,114,115,107,110,109,124,119,118,117,116,123,122,125,126,97,98,99,100,102,106,105,104,108,88,90,89,94,93,84,92,87,79,78,76,75,74,73,72,71,70,69,68,67,66,121,120,64,65,61,63,60,59,58,62,56,55,53,54,52,51,50,48,47,46,45,44,43,42,41,40,39,38,37,36,35,34,33,32,31,30,29,28,27,26,25,24,23,22,21,20,19,18,17,16,15,14,13,12,11,10,9,8,7,6,5,4,3,2,1,0,
CHEMBL1914_383,23,120,157,95,77,143,126,152,97,87,123,128,127,156,132,92,57,80,37,85,135,75,113,83,159,107,160,164,165,162,161,151,150,149,148,158,155,166,163,129,130,131,133,134,138,137,136,140,141,142,139,147,146,145,144,153,154,112,111,108,114,109,110,121,119,117,118,116,106,105,124,96,98,99,100,102,101,103,104,88,89,90,91,84,86,94,93,81,82,78,79,76,74,73,72,71,70,69,68,67,115,122,125,64,65,66,61,60,59,58,63,55,54,53,52,51,50,49,62,48,47,45,46,43,42,41,44,40,39,38,36,35,34,33,56,32,31,29,30,27,26,25,28,24,22,21,20,19,18,17,16,15,14,13,12,11,10,9,8,7,6,5,4,3,2,1,0,
CHEMBL1914_406,135,151,133,94,134,77,97,62,152,38,79,105,82,128,80,81,52,104,83,150,153,37,143,107,109,124,127,159,140,164,165,160,161,162,154,155,157,166,163,129,130,131,132,139,138,137,136,141,142,149,148,147,146,145,144,158,156,114,115,112,113,111,110,106,118,117,125,116,108,119,126,96,98,99,100,102,101,103,95,88,89,90,91,84,85,93,92,87,86,78,76,75,74,73,72,71,70,69,68,123,122,121,120,64,65,66,67,59,58,61,63,56,55,54,53,51,50,57,60,48,49,47,46,43,42,45,44,40,41,39,36,35,34,33,32,31,30,29,28,27,26,25,24,23,22,21,20,19,18,17,16,15,14,13,12,11,10,9,8,7,6,5,4,3,2,1,0,
CHEMBL1914_407,135,150,103,97,126,85,144,121,100,98,153,146,112,138,113,93,131,86,92,94,87,52,105,111,124,106,129,160,166,161,162,152,154,155,151,156,165,163,164,128,130,133,132,134,139,137,136,142,141,143,140,148,149,147,145,158,157,159,115,118,119,122,114,104,107,117,116,120,123,125,110,96,99,102,101,108,109,91,95,88,89,90,84,83,82,81,80,79,78,77,76,75,74,73,72,71,70,69,68,67,66,65,127,64,63,61,62,59,58,57,60,56,55,54,53,51,50,49,48,47,46,45,44,43,42,41,40,39,38,37,36,35,34,33,32,31,30,29,28,27,26,25,24,23,22,21,20,19,18,17,16,15,14,13,12,11,10,9,8,7,6,5,4,3,2,1,0,
CHEMBL1914_409,103,157,109,129,124,128,136,100,69,23,107,160,153,131,126,115,138,94,80,146,90,104,93,97,144,161,162,166,165,163,164,152,151,149,158,156,155,154,159,130,134,133,132,135,141,139,137,142,143,140,150,148,147,145,120,112,113,114,116,118,117,108,111,105,106,110,127,123,122,121,119,96,98,99,101,102,92,89,91,88,87,85,86,84,83,82,95,81,79,77,78,75,74,73,76,72,71,70,68,67,66,65,125,64,63,61,62,59,58,57,60,55,54,53,52,51,50,49,56,47,46,45,44,43,42,41,40,39,38,37,36,35,34,33,48,32,31,29,30,27,26,25,28,24,22,21,20,19,18,17,16,15,14,13,12,11,10,9,8,7,6,5,4,3,2,1,0,
CHEMBL1914_415,73,64,60,67,161,111,81,102,59,154,156,55,100,27,121,133,162,163,158,160,146,145,152,144,143,141,142,157,155,153,159,151,150,149,148,147,164,165,166,128,129,130,131,132,134,135,136,140,137,138,139,119,118,117,116,112,113,114,110,107,106,109,108,104,105,103,101,124,127,125,126,96,97,98,99,91,95,93,94,88,87,85,86,84,90,89,92,80,82,83,79,76,75,77,78,72,74,71,70,115,123,122,120,65,66,69,68,61,58,57,62,56,54,53,52,51,50,49,63,47,46,45,44,43,42,41,40,39,38,37,36,35,34,33,48,32,31,29,30,28,26,25,24,23,22,21,20,19,18,17,16,15,14,13,12,11,10,9,8,7,6,5,4,3,2,1,0,
CHEMBL1914_418,54,53,72,145,140,149,77,127,137,85,83,122,112,104,82,147,100,134,129,146,152,131,144,148,118,80,151,150,164,166,165,160,161,162,163,153,154,155,159,128,130,133,132,135,139,138,136,143,142,141,156,158,157,120,121,113,114,109,111,108,107,106,110,105,103,117,119,116,115,124,123,96,97,98,99,101,102,95,94,88,89,90,91,84,86,93,92,81,87,78,79,76,75,74,73,71,70,69,68,67,66,125,126,64,65,63,62,59,58,61,60,56,57,55,52,51,50,49,48,47,46,45,44,43,42,41,40,39,38,37,36,35,34,33,32,31,30,29,28,27,26,25,24,23,22,21,20,19,18,17,16,15,14,13,12,11,10,9,8,7,6,5,4,3,2,1,0,
CHEMBL1914_436,156,164,157,83,154,110,96,112,62,117,128,135,82,143,91,138,97,100,65,104,80,149,120,127,53,94,160,165,166,162,161,152,151,150,148,159,155,153,163,129,130,131,132,134,133,137,136,142,141,139,140,147,146,145,144,158,114,113,116,119,108,115,111,105,106,118,122,124,123,109,121,99,98,102,101,103,107,93,92,88,89,90,87,84,85,86,95,81,79,77,78,75,74,73,76,72,71,69,70,68,67,125,126,64,66,61,63,59,58,57,60,56,55,54,52,51,50,49,48,47,46,45,44,43,42,41,40,39,38,37,36,35,34,33,32,31,30,29,28,27,26,25,24,23,22,21,20,19,18,17,16,15,14,13,12,11,10,9,8,7,6,5,4,3,2,1,0,
